款,款名,項,項名,目,目名,レベル,番号,名称,金額_千円
2,総務費,1,総務管理費,0,,節,2,給料,806031
2,総務費,1,総務管理費,0,,節,3,職員手当等,752856
2,総務費,1,総務管理費,2,人事管理費,説明,399,"10, 105      125            31. 554    169,",825
2,総務費,1,総務管理費,2,人事管理費,節,13,使用料及び賃,100
2,総務費,1,総務管理費,2,人事管理費,節,17,備品購入費,220
2,総務費,1,総務管理費,2,人事管理費,節,1,報酬,51528
2,総務費,1,総務管理費,2,人事管理費,説明,001,"給与費                                 116,",594
2,総務費,1,総務管理費,2,人事管理費,説明,001,公務災害補償等認定委員会委員 4人,40
2,総務費,1,総務管理費,2,人事管理費,節,3,"職員手当等        11,",889
2,総務費,1,総務管理費,2,人事管理費,説明,002,公務災害補償等審査会委員 2人,20
2,総務費,1,総務管理費,2,人事管理費,説明,003,パートタイム会計年度任用職員,116534
2,総務費,1,総務管理費,2,人事管理費,説明,001,職員採用試験旨                              3,422
2,総務費,1,総務管理費,2,人事管理費,説明,002,その他職員管理費,8191
2,総務費,1,総務管理費,2,人事管理費,説明,003,"人材育成費                                 15,",91
2,総務費,1,総務管理費,2,人事管理費,説明,001,"人材育成事業費                              15,",91
2,総務費,1,総務管理費,2,人事管理費,節,10,需用費,5
2,総務費,1,総務管理費,2,人事管理費,説明,821,県市職員研修協議会負担多,8
2,総務費,1,総務管理費,0,,説明,004,"職員厚生費                                58,",206
2,総務費,1,総務管理費,0,,説明,001,"健康管理費                                    52,",324
2,総務費,1,総務管理費,0,,節,11,役務費,740
2,総務費,1,総務管理費,0,,説明,002,安全衛生管理費,269
2,総務費,1,総務管理費,0,,節,13,"使用料及び任       5,",885
2,総務費,1,総務管理費,0,,説明,001,情報公開審査会委員 5人,50
2,総務費,1,総務管理費,0,,説明,003,行政不服審査会委員 5人,50
2,総務費,1,総務管理費,0,,説明,001,例規管理費,5320
2,総務費,1,総務管理費,0,,説明,366,49,4141
2,総務費,1,総務管理費,0,,節,8,旅費,268
2,総務費,1,総務管理費,0,,節,17,備品購入費,96
2,総務費,1,総務管理費,0,,節,18,負担金、補助,111
2,総務費,1,総務管理費,5,広報広聴費,説明,342,2. 674                     も284,93732
2,総務費,1,総務管理費,5,広報広聴費,節,3,職員手当等,658
2,総務費,1,総務管理費,5,広報広聴費,説明,002,市史編さん費,142
2,総務費,1,総務管理費,5,広報広聴費,説明,001,市史編さん事業費,142
2,総務費,1,総務管理費,5,広報広聴費,節,4,共済費,507
2,総務費,1,総務管理費,5,広報広聴費,節,8,旅費,93
2,総務費,1,総務管理費,5,広報広聴費,節,10,需用費,127
2,総務費,1,総務管理費,5,広報広聴費,節,7,報償費,100
2,総務費,1,総務管理費,5,広報広聴費,説明,002,"広報費                                               69,",471
2,総務費,1,総務管理費,5,広報広聴費,節,8,旅費,3833
2,総務費,1,総務管理費,5,広報広聴費,説明,001,広報ふじ作成費,38833
2,総務費,1,総務管理費,5,広報広聴費,説明,004,その他広報費,13410
2,総務費,1,総務管理費,5,広報広聴費,節,10,"需用費          44,",318
2,総務費,1,総務管理宮,0,,説明,001,総合案内事業費,19910
2,総務費,1,総務管理宮,0,,節,12,委託料,23520
2,総務費,1,総務管理宮,0,,説明,001,"平和都市推進事業費                         2,",661
2,総務費,1,総務管理宮,0,,節,17,"備品購入費        3,",451
2,総務費,1,総務管理宮,0,,節,26,公課費,7
2,総務費,1,総務管理宮,0,,説明,001,パートタイム会計年度任用職員,3167
2,総務費,1,総務管理宮,0,,節,3,職員手当等,359
2,総務費,1,総務管理宮,0,,説明,002,"シティプロモーション推進費                                       17,",337
2,総務費,1,総務管理宮,0,,説明,001,"魅力創造発信事業費                           14,",8
2,総務費,1,総務管理宮,0,,節,7,報償費,985
2,総務費,1,総務管理費,0,,節,8,旅費,512
2,総務費,1,総務管理費,0,,節,13,使用料及び任,594
2,総務費,1,総務管理費,0,,節,17,備品購入費,365
2,総務費,1,総務管理費,0,,節,18,"負担金、補助     102,",32
2,総務費,1,総務管理費,0,,説明,539,"15, 367     1.172                            16,",539
2,総務費,1,総務管理費,0,,説明,322,"27,011     も311     6.748                      24.",574
2,総務費,1,総務管理費,0,,説明,001,"給与費                              11,",935
2,総務費,1,総務管理費,0,,説明,001,"パートタイム会計年度任用職員                        11,",935
2,総務費,1,総務管理費,0,,節,3,"職員手当等        2,",152
2,総務費,1,総務管理費,0,,説明,003,生活環境忠急整備費                           2.,755
2,総務費,1,総務管理費,0,,説明,001,生活環境忠急整備事業費,2755
2,総務費,1,総務管理費,0,,節,10,需用費,80
2,総務費,1,総務管理費,0,,節,18,負担金、補助,95
2,総務費,1,総務管理費,0,,節,19,扶助費,400
2,総務費,1,総務管理費,0,,節,1,報酬,15152
2,総務費,1,総務管理費,0,,説明,001,"給与費                                 22,",292
2,総務費,1,総務管理費,0,,説明,001,消費者教育推進地域協議会委員 8人,144
2,総務費,1,総務管理費,0,,節,3,職員手当等,3515
2,総務費,1,総務管理費,0,,説明,002,パートタイム会計年度任用職員,22148
2,総務費,1,総務管理費,0,,節,7,報償費,184
2,総務費,1,総務管理費,0,,節,8,旅費,903
2,総務費,1,総務管理費,0,,節,11,役務費,537
2,総務費,1,総務管理費,0,,節,13,使用料及び人,15
2,総務費,1,総務管理費,0,,節,17,備品購入費,161
2,総務費,1,総務管理費,9,男女共同参,説明,001,給与費,10182
2,総務費,1,総務管理費,9,男女共同参,節,10,需用費,676
2,総務費,1,総務管理費,9,男女共同参,説明,002,男女共同参画普及啓発事業費,473
2,総務費,1,総務管理費,9,男女共同参,説明,003,男女共同参画センター事業費,588
2,総務費,1,総務管理費,9,男女共同参,節,12,委託料,263
2,総務費,1,総務管理費,9,男女共同参,節,13,使用料及び賃,9
2,総務費,1,総務管理費,9,男女共同参,節,17,備品購入費,130
2,総務費,1,総務管理費,0,,説明,751,1.522,3414
2,総務費,1,総務管理費,11,会計管理費,説明,782,"25,724     215           1.430    85,",861
2,総務費,1,総務管理費,11,会計管理費,節,18,負担金、補助,50
2,総務費,1,総務管理費,11,会計管理費,節,8,旅費,77
2,総務費,1,総務管理費,11,会計管理費,説明,001,財政事務費                                  3,435
2,総務費,1,総務管理費,11,会計管理費,節,10,需用費,656
2,総務費,1,総務管理費,11,会計管理費,節,18,負担金、補助,62
2,総務費,1,総務管理費,11,会計管理費,節,1,報酬,770
2,総務費,1,総務管理費,11,会計管理費,説明,001,給与費,935
2,総務費,1,総務管理費,11,会計管理費,説明,001,パートタイム会計年度任用職員,935
2,総務費,1,総務管理費,11,会計管理費,節,4,共済費,123
2,総務費,1,総務管理費,11,会計管理費,説明,002,会計事務党,69184
2,総務費,1,総務管理費,11,会計管理費,節,8,旅費,75
2,総務費,1,総務管理費,11,会計管理費,説明,001,会計事務費,69184
2,総務費,1,総務管理費,0,,節,10,"需用費          17,",996
2,総務費,1,総務管理費,0,,節,11,"役務覚         68,",230
2,総務費,1,総務管理費,0,,節,13,使用料及び賃,275
2,総務費,1,総務管理費,0,,節,18,負担金、補助,37
2,総務費,1,総務管理費,0,,節,3,職員手当等,604
2,総務費,1,総務管理費,0,,節,4,共済費,531
2,総務費,1,総務管理費,0,,節,8,旅費,164
2,総務費,1,総務管理費,0,,説明,553,14,567
2,総務費,1,総務管理費,0,,節,10,需用費,730
2,総務費,1,総務管理費,0,,節,12,委託料,495
2,総務費,1,総務管理費,0,,節,13,使用料及び賃,53
2,総務費,1,総務管理費,0,,節,8,旅費,24
2,総務費,1,総務管理費,0,,説明,001,工事検査費,567
2,総務費,1,総務管理費,0,,節,10,需用費,404
2,総務費,1,総務管理費,0,,節,11,役務費,20
2,総務費,1,総務管理費,0,,説明,496,"681, 770    人へ31, 274              46,200     10,903    593,",393
2,総務費,1,総務管理費,0,,節,13,使用料及び賃,8
2,総務費,1,総務管理費,0,,節,17,備品購入費,38
2,総務費,1,総務管理費,0,,節,18,負担金、補助,73
2,総務費,1,総務管理費,0,,節,1,報酬,19002
2,総務費,1,総務管理費,0,,節,3,職員手当等        も,225
2,総務費,1,総務管理費,0,,節,4,共済費          3,455
2,総務費,1,総務管理費,0,,節,8,旅費,534
2,総務費,1,総務管理費,0,,説明,317,"114.164    33.153                    103.016    44,",301
2,総務費,1,総務管理費,0,,節,11,役務費,52
2,総務費,1,総務管理費,0,,節,12,"委託料         419,",191
2,総務費,1,総務管理費,0,,節,16,公有財産購入,900
2,総務費,1,総務管理費,0,,節,18,負担金、補助,134
2,総務費,1,総務管理費,0,,節,8,旅費,249
2,総務費,1,総務管理費,0,,説明,002,資産経営費,8087
2,総務費,1,総務管理費,16,公用車管理,説明,001,資産経営事業費                                 8.,87
2,総務費,1,総務管理費,16,公用車管理,説明,003,"施設保全費                                            34,",654
2,総務費,1,総務管理費,16,公用車管理,節,10,需用費,147
2,総務費,1,総務管理費,16,公用車管理,説明,002,"自家用電気工作物保安管理事業費               16,",467
2,総務費,1,総務管理費,16,公用車管理,説明,004,公共建築物保全基金積立費,103016
2,総務費,1,総務管理費,16,公用車管理,説明,001,"公共建築物保全基金積立事業費               103,",16
2,総務費,1,総務管理費,16,公用車管理,節,13,使用料及び任,465
2,総務費,1,総務管理費,16,公用車管理,節,18,負担金、補助,226
2,総務費,1,総務管理費,16,公用車管理,節,24,積立金,103016
2,総務費,1,総務管理費,16,公用車管理,説明,001,パートタイム会計年度任用職員,725
2,総務費,1,総務管理費,16,公用車管理,節,3,職員手当等,1222
2,総務費,1,総務管理費,16,公用車管理,説明,002,"公用車管理費                                          68,",594
2,総務費,1,総務管理費,16,公用車管理,節,8,旅費,222
2,総務費,1,総務管理費,16,公用車管理,説明,002,公用車購入事業費,26611
2,総務費,1,総務管理費,0,,説明,156,"27.610     21.546      8, 939               8.564     31",653
2,総務費,1,総務管理費,0,,説明,003,安全運転管理事業費,415
2,総務費,1,総務管理費,0,,節,10,"需用費          34,",548
2,総務費,1,総務管理費,0,,節,11,"役務費          5,",186
2,総務費,1,総務管理費,0,,節,17,備品購入費,26611
2,総務費,1,総務管理費,0,,節,18,負担金、補助,274
2,総務費,1,総務管理費,0,,節,26,公課費,941
2,総務費,1,総務管理費,0,,節,1,報酬,604
2,総務費,1,総務管理費,0,,説明,001,給与費,604
2,総務費,1,総務管理費,0,,説明,001,総合計画審議会友員 30人,604
2,総務費,1,総務管理費,0,,節,7,報償宮           2.,848
2,総務費,1,総務管理費,0,,説明,002,"企画調整回                                        25,",628
2,総務費,1,総務管理費,0,,説明,001,"企画調査費                           25,",232
2,総務費,1,総務管理宮,0,,説明,002,広域行政推進事業費,396
2,総務費,1,総務管理宮,0,,節,12,委託料,23370
2,総務費,1,総務管理宮,0,,説明,001,戦略的施策推進費,868
2,総務費,1,総務管理宮,0,,節,18,"負担金、補助      17,",501
2,総務費,1,総務管理宮,0,,説明,002,SDGs推進事業費,21812
2,総務費,1,総務管理宮,0,,節,24,積立金,244
2,総務費,1,総務管理宮,0,,説明,004,企業版ふるさと納税基金積立費,244
2,総務費,1,総務管理宮,0,,説明,001,企業版ふるさと納税基金積立事業費,244
2,総務費,1,総務管理宮,0,,節,8,旅費,87
2,総務費,1,総務管理費,0,,節,10,需用費,211
2,総務費,1,総務管理費,0,,節,18,負担金、補助,97
2,総務費,1,総務管理費,0,,節,7,報償費,264
2,総務費,1,総務管理費,0,,説明,001,"情報化推進費                                                2.520,",225
2,総務費,1,総務管理費,0,,説明,001,ネットワーク管理事業費,127108
2,総務費,1,総務管理費,0,,節,8,旅費,112
2,総務費,1,総務管理費,0,,節,10,需用費,5
2,総務費,1,総務管理費,0,,説明,031,会議、研修会出席者負担金,121
2,総務費,1,総務管理費,0,,説明,002,セキュリティ対策事業費,39525
2,総務費,1,総務管理費,0,,節,11,役務費,67035
2,総務費,1,総務管理費,0,,説明,003,"庁内OA化準進事業費                          643,",513
2,総務費,1,総務管理費,0,,節,13,使用料及び任,463418
2,総務費,1,総務管理費,0,,説明,477,へ86                           1,390
2,総務費,1,総務管理費,0,,説明,691,"146, 712    15, 979     6.346            10,750    145,",595
2,総務費,1,総務管理費,0,,説明,002,デジタルマーケティング推進事業費,2230
2,総務費,1,総務管理費,0,,節,1,報酬,170
2,総務費,1,総務管理費,0,,説明,001,給与費,170
2,総務費,1,総務管理費,0,,説明,001,公平委員 3人,170
2,総務費,1,総務管理費,0,,節,8,旅費,78
2,総務費,1,総務管理費,0,,説明,002,公平委員会費,221
2,総務費,1,総務管理費,0,,説明,001,公平委員会運営費,221
2,総務費,1,総務管理費,0,,節,18,負担金、補助,127
2,総務費,1,総務管理費,0,,説明,001,まちづくり活動推進審議会委員 1 2人,200
2,総務費,1,総務管理費,0,,節,3,職員手当等,4147
2,総務費,1,総務管理費,0,,説明,002,パートタイム会計年度任用職員                        2.,855
2,総務費,1,総務管理費,0,,説明,002,"自治振興費                                  159,",208
2,総務費,1,総務管理費,0,,説明,001,"自治振興事業費                        91,",993
2,総務費,1,総務管理費,0,,節,7,報償宮           2.,9
2,総務費,1,総務管理費,23,式典行事費,説明,002,コミュニティづくり推進事業費,67215
2,総務費,1,総務管理費,23,式典行事費,節,10,需用費           2.,839
2,総務費,1,総務管理費,23,式典行事費,節,18,負担金、補助,108691
2,総務費,1,総務管理費,23,式典行事費,説明,003,市民憲章推進費,428
2,総務費,1,総務管理費,23,式典行事費,節,10,需用費,63
2,総務費,1,総務管理費,23,式典行事費,説明,001,住居表示整備党,63
2,総務費,1,総務管理費,23,式典行事費,説明,001,住居表示管理事業費,63
2,総務費,1,総務管理費,23,式典行事費,節,1,報酬,50
2,総務費,1,総務管理費,23,式典行事費,説明,001,給与費,50
2,総務費,1,総務管理費,23,式典行事費,説明,001,表彰審査委員会委員 5人,50
2,総務費,1,総務管理費,24,多文化共生,説明,499,"7.668        3.077                       277       32,",813
2,総務費,1,総務管理費,24,多文化共生,節,10,需用費,318
2,総務費,1,総務管理費,24,多文化共生,説明,002,地域社会献者裏党表彰遥,261
2,総務費,1,総務管理費,24,多文化共生,節,11,役務費,48
2,総務費,1,総務管理費,24,多文化共生,節,13,使用料及び賃,16
2,総務費,1,総務管理費,24,多文化共生,説明,001,給与費                                 24.,758
2,総務費,1,総務管理費,24,多文化共生,説明,001,パートタイム会計年度任用職員                     24.,758
2,総務費,1,総務管理費,24,多文化共生,説明,002,"多文化共生費                                       11,",409
2,総務費,1,総務管理費,0,,説明,118,"59,465      へ6.347        1000                   4.400",47718
2,総務費,1,総務管理費,0,,節,13,使用料及び賃,461
2,総務費,1,総務管理費,0,,節,1,報酬,91
2,総務費,1,総務管理費,0,,説明,001,給与費,91
2,総務費,1,総務管理費,0,,説明,001,生活安全推進協議会要員 1 3人,91
2,総務費,1,総務管理費,0,,節,7,報償費,147
2,総務費,1,総務管理費,0,,説明,002,防犯まちづくり推進費,53027
2,総務費,1,総務管理費,0,,節,8,旅費,12
2,総務費,1,総務管理費,0,,説明,001,防犯まちづくり推進事業費,20595
2,総務費,1,総務管理費,0,,説明,003,薬物乱用防止事業費,368
2,総務費,1,総務管理宮,0,,節,18,負担金、補助,49800
2,総務費,1,総務管理宮,0,,節,3,職員手当等,355
2,総務費,1,総務管理宮,0,,節,4,共済費,401
2,総務費,1,総務管理宮,0,,節,7,報償          19.,165
2,総務費,1,総務管理宮,0,,節,8,旅費,88
2,総務費,1,総務管理費,0,,節,12,委託料          2.,464
2,総務費,1,総務管理費,0,,節,18,負担金、補助,32236
2,総務費,1,総務管理費,0,,節,1,報酬,533
2,総務費,1,総務管理費,0,,説明,001,給与費,533
2,総務費,1,総務管理費,0,,説明,001,市民協働推進審議会委員 11人,533
2,総務費,1,総務管理費,0,,節,7,報償費,408
2,総務費,1,総務管理費,0,,説明,002,市民活動支援費,4540
2,総務費,1,総務管理費,0,,説明,003,"市民活動センター運営費                        34,",450
2,総務費,1,総務管理費,0,,説明,001,市民活動センター運営事業費                    34.,450
2,総務費,1,総務管理費,0,,節,12,"委託料          23,",408
2,総務費,1,総務管理費,29,まちづくり,節,18,負担金、補助,500
2,総務費,1,総務管理費,29,まちづくり,節,10,需用費,8801
2,総務費,1,総務管理費,29,まちづくり,説明,001,市民交流施設運営費,103013
2,総務費,1,総務管理費,29,まちづくり,説明,001,"市民交?                                103,",13
2,総務費,1,総務管理費,29,まちづくり,節,17,備品購入費,100
2,総務費,1,総務管理費,29,まちづくり,節,1,報酬,55876
2,総務費,1,総務管理費,29,まちづくり,説明,001,"給与費                                 442,",975
2,総務費,1,総務管理費,29,まちづくり,説明,001,"一般職 45人                            361,",483
2,総務費,1,総務管理費,29,まちづくり,節,2,"給料           185,",930
2,総務費,1,総務管理費,29,まちづくり,説明,002,パートタイム会計年度任用職員,81492
2,総務費,1,総務管理費,29,まちづくり,説明,002,まちづくりセンター運営管理費,168329
2,総務費,1,総務管理費,29,まちづくり,説明,001,"まちづくりセンター運営管理事業費               114,",262
2,総務費,1,総務管理費,29,まちづくり,節,4,"共済費          72,",257
2,総務費,1,総務管理費,0,,節,10,"需用費          59,",994
2,総務費,1,総務管理費,0,,節,12,委託料         140.,155
2,総務費,1,総務管理費,0,,節,14,"工事請負費      164,",500
2,総務費,1,総務管理費,0,,節,18,負担金、補助,390
2,総務費,1,総務管理宮,32,諸連,節,8,旅費,79
2,総務費,1,総務管理宮,32,諸連,説明,001,"まちづくりセンターリニューアル事業費           159,",436
2,総務費,1,総務管理宮,32,諸連,節,10,需用費,40
2,総務費,1,総務管理宮,32,諸連,節,11,役務費,213
2,総務費,1,総務管理宮,32,諸連,節,14,"工事請負費         158,",280
2,総務費,1,総務管理宮,32,諸連,節,18,負担金、補助,824
2,総務費,1,総務管理宮,32,諸連,説明,001,"財政調整基金積立費                                36,",175
2,総務費,1,総務管理宮,32,諸連,説明,001,財政調整基金積立事業費,36175
2,総務費,1,総務管理宮,32,諸連,説明,002,税務管理調整族費,160000
2,総務費,1,総務管理宮,32,諸連,説明,001,税務管理調整諾党,160000
2,総務費,2,徴税費,0,,説明,677,"648, 430   人へ11,753    408,000            20.993",207684
2,総務費,2,徴税費,0,,説明,001,"給与費                             634,",357
2,総務費,2,徴税費,0,,説明,001,固定資産評価審査委員会要員 3人,180
2,総務費,2,徴税費,0,,説明,002,一般職 87人,607806
2,総務費,2,徴税費,0,,説明,003,パートタイム会計年度任用職員,26371
2,総務費,2,徴税費,0,,説明,002,固定資産評価審査委員会事務費,4
2,総務費,2,徴税費,0,,節,7,報償費,6
2,総務費,2,徴税費,0,,説明,914,"202, 259     62、655                      1.568    263,",346
2,総務費,2,徴税費,0,,節,11,役務費,179
2,総務費,2,徴税費,0,,節,12,委託料,61
2,総務費,2,徴税費,0,,節,13,使用料及び任,45
2,総務費,2,徴税費,0,,節,18,負担金、補助,736
2,総務費,2,徴税費,0,,節,1,報酬,28494
2,総務費,2,徴税費,0,,説明,001,"パートタイム会計年度任用職員 (収納)               16,",374
2,総務費,2,徴税費,0,,節,3,"職員手当等        5,",408
2,総務費,2,徴税費,0,,説明,002,"パートタイム会計年度任用職員 (市民税)             16,",276
2,総務費,2,徴税費,0,,説明,002,"収税凡課収納事務費                                  87,",36
2,総務費,2,徴税費,0,,説明,001,"収税冊課収納事務費                      87,",36
2,総務費,2,徴税費,0,,節,11,役務費,61912
2,総務費,2,徴税費,0,,節,12,委託料,95629
2,総務費,2,徴税費,0,,節,13,使用料及び任,17724
2,総務費,2,徴税費,0,,節,18,負担金、補助,40592
2,総務費,3,戸籍住民基本台帳費,0,,説明,111,"495, 496    41,615    101, 368            97.010    338,",733
2,総務費,3,戸籍住民基本台帳費,0,,説明,001,債権回収事務費,8677
2,総務費,3,戸籍住民基本台帳費,0,,説明,001,"給与費                                      344,",488
2,総務費,3,戸籍住民基本台帳費,0,,説明,001,"一般職 4 3人                                       273,",277
2,総務費,3,戸籍住民基本台帳費,0,,節,2,"給料                142,",355
2,総務費,3,戸籍住民基本台帳費,0,,節,3,職員手当等,95892
2,総務費,3,戸籍住民基本台帳費,0,,説明,002,"戸籍住民基本償帳費                             152,",338
2,総務費,3,戸籍住民基本台帳費,0,,説明,001,戸籍住民基本台帳事務費,97963
2,総務費,3,戸籍住民基本台帳費,0,,説明,002,戸籍総合システム運営事業費,30121
2,総務費,3,戸籍住民基本台帳費,0,,説明,003,広域圏証明相互交付事業費,134
2,総務費,3,戸籍住民基本台帳費,0,,説明,004,住民基本台忠ネットワークシステム事業費,75
2,総務費,3,戸籍住民基本台帳費,0,,説明,005,旅券交付事業費,381
2,総務費,3,戸籍住民基本台帳費,0,,説明,006,個人番号カード交付事業費,23664
2,総務費,3,戸籍住民基本台帳費,0,,説明,008,印鑑身分証明費,924
2,総務費,3,戸籍住民基本台帳費,0,,説明,001,印鑑身分証明事業費,924
2,総務費,3,戸籍住民基本台帳費,0,,節,11,役務井                 12.,689
2,総務費,3,戸籍住民基本台帳費,0,,説明,004,"ワンストップ総合窓口事業費                           39,",411
2,総務費,3,戸籍住民基本台帳費,0,,説明,001,"ワンストップ総合窓口事業費                    39,",411
2,総務費,3,戸籍住民基本台帳費,0,,節,12,"委託料                126,",165
2,総務費,3,戸籍住民基本台帳費,0,,節,13,使用料及び賃,41872
2,総務費,3,戸籍住民基本台帳費,0,,節,17,備品購入費,73
2,総務費,4,選挙費,0,,説明,001,"給与費                              5,",486
2,総務費,4,選挙費,0,,節,2,"給料           22,",301
2,総務費,4,選挙費,0,,説明,002,"一般職 5人              42,",998
2,総務費,4,選挙費,0,,説明,002,選挙管理委員会費,568
2,総務費,4,選挙費,0,,説明,001,選挙管理委員会費,545
2,総務費,4,選挙費,0,,説明,002,選挙人名徳調製事業費,23
2,総務費,4,選挙費,0,,節,8,旅費,103
2,総務費,4,選挙費,0,,節,10,需用費,157
2,総務費,4,選挙費,0,,節,11,役務費,17
2,総務費,4,選挙費,0,,説明,534,64,598
2,総務費,4,選挙費,0,,説明,574,"0     69, 574",69574
2,総務費,4,選挙費,0,,節,18,負担金、補助,291
2,総務費,4,選挙費,0,,節,7,報償費,80
2,総務費,4,選挙費,0,,説明,001,選挙常時啓発事業費,598
2,総務費,4,選挙費,0,,節,8,旅費,9
2,総務費,4,選挙費,0,,節,10,需用費,185
2,総務費,4,選挙費,0,,節,11,役務党,269
2,総務費,4,選挙費,0,,節,18,負担金、補助,55
2,総務費,4,選挙費,0,,説明,001,給与費,36208
2,総務費,4,選挙費,0,,節,3,職員手当等,29221
2,総務費,4,選挙費,4,富士市長選,説明,972,64.,972
2,総務費,4,選挙費,4,富士市長選,節,7,報償費,941
2,総務費,4,選挙費,4,富士市長選,節,8,旅費,73
2,総務費,4,選挙費,4,富士市長選,説明,002,"投・開票事務経費                                        33,",366
2,総務費,4,選挙費,4,富士市長選,説明,001,投・開票事務経旨,33366
2,総務費,4,選挙費,4,富士市長選,節,11,役務費         14.,346
2,総務費,4,選挙費,4,富士市長選,節,12,"委託料          13,",982
2,総務費,4,選挙費,4,富士市長選,説明,001,"給与費                                 29,",79
2,総務費,4,選挙費,4,富士市長選,節,3,職員手当等        24.,3
2,総務費,4,選挙費,0,,節,7,報償費,880
2,総務費,4,選挙費,0,,節,8,旅費,30
2,総務費,4,選挙費,0,,節,10,"需用費           3,",215
2,総務費,4,選挙費,0,,節,11,役務費,16187
2,総務費,5,統計調査費,0,,説明,220,"36,416   人へ12, 196      588               10    23,",622
2,総務費,5,統計調査費,0,,節,1,報酬,195
2,総務費,5,統計調査費,0,,説明,001,"給与費                                 23,",737
2,総務費,5,統計調査費,0,,説明,901,"一般職 3人                    23,",499
2,総務費,5,統計調査費,0,,節,2,給料           12.,72
2,総務費,5,統計調査費,0,,説明,002,パートタイム会計年度任用職員,238
2,総務費,5,統計調査費,0,,説明,002,市勢統計調査費,133
2,総務費,5,統計調査費,0,,説明,001,市勢統計調査旨,133
2,総務費,5,統計調査費,0,,説明,003,各種統計調査費,350
2,総務費,5,統計調査費,0,,説明,002,県統計調査費,140
2,総務費,5,統計調査費,0,,節,10,需用費,262
2,総務費,5,統計調査費,0,,節,11,役務費,79
2,総務費,5,統計調査費,0,,節,18,負担金、補助,117
2,総務費,5,統計調査費,0,,節,1,報酬,102014
2,総務費,5,統計調査費,0,,説明,001,"給与費                                 105,",757
2,総務費,5,統計調査費,0,,説明,001,"調査員等                                  92,",827
2,総務費,5,統計調査費,0,,節,3,職員手当等        2.,759
2,総務費,5,統計調査費,0,,説明,003,パートタイム会計年度任用職員,10530
2,総務費,5,統計調査費,0,,説明,002,国勢調査費,5463
2,総務費,5,統計調査費,0,,説明,001,国勢調査費,5463
2,総務費,5,統計調査費,0,,節,7,報償費,10
2,総務費,5,統計調査費,0,,節,8,旅費,612
2,総務費,5,統計調査費,0,,節,10,需用費           2.,153
2,総務費,6,監査委員費,0,,説明,599,"66, 434    へ2 835                     14",63585
2,総務費,6,監査委員費,0,,節,11,役務費,226
2,総務費,6,監査委員費,0,,節,12,委託料          3.,54
2,総務費,6,監査委員費,0,,説明,001,"給与費                                 62,",718
2,総務費,6,監査委員費,0,,説明,001,"監査委員 3人                   13,",780
2,総務費,6,監査委員費,0,,節,2,"給料           33,",92
2,総務費,6,監査委員費,0,,説明,002,"一般職 6人                              48,",938
2,総務費,6,監査委員費,0,,節,3,職員手当等,17189
2,総務費,6,監査委員費,0,,説明,002,葉査事務費,881
2,総務費,6,監査委員費,0,,説明,001,監査事務費,881
2,総務費,6,監査委員費,0,,節,4,共済費,10162
2,総務費,6,監査委員費,0,,節,8,旅費,138
2,総務費,6,監査委員費,0,,節,10,需用費,318
2,総務費,6,監査委員費,0,,節,11,役務費,3
2,総務費,6,監査委員費,0,,節,12,委託料,216
2,総務費,6,監査委員費,0,,節,18,負担金、補助,206
3,民生費,1,社会福祉費,0,,説明,001,福祉計画推進会議委員 1 4人,333
3,民生費,1,社会福祉費,0,,節,2,"給料           256,",633
3,民生費,1,社会福祉費,0,,説明,002,福祉有償運送運営協議会委員 6人,42
3,民生費,1,社会福祉費,0,,節,3,職員手当等,173724
3,民生費,1,社会福祉費,0,,説明,003,民生委員推薦会委員 6人,84
3,民生費,1,社会福祉費,0,,説明,004,地域密着型サービス運営協議会委員 10人,880
3,民生費,1,社会福祉費,0,,説明,005,"一般職 65人                                502,",84
3,民生費,1,社会福祉費,0,,説明,006,フルタイム会計年度任用職員 3人,16666
3,民生費,1,社会福祉費,0,,説明,001,社会福祉管理事業費,6762
3,民生費,1,社会福祉費,0,,節,4,共済費,90799
3,民生費,1,社会福祉費,0,,説明,002,福祉産発事業費,2664
3,民生費,1,社会福祉費,0,,節,7,報償費,3
3,民生費,1,社会福祉費,0,,節,8,旅費,777
3,民生費,1,社会福祉費,0,,説明,003,避難行動要支援者支援事業費                       4,658
3,民生費,1,社会福祉費,0,,節,11,役務費          3,814
3,民生費,1,社会福祉費,0,,節,12,"委託料         212,",169
3,民生費,1,社会福祉費,0,,節,14,工事請負費,79300
3,民生費,1,社会福祉費,0,,節,17,備品購入費,238
3,民生費,1,社会福祉費,0,,節,24,積立金,5007
3,民生費,1,社会福祉費,2,国民年金費,説明,246,771,40017
3,民生費,1,社会福祉費,2,国民年金費,説明,002,社会福祉センター施設管理事業費                        84。,25
3,民生費,1,社会福祉費,2,国民年金費,説明,011,"民間社会福祉団体推進費                            104,",12
3,民生費,1,社会福祉費,2,国民年金費,説明,001,社会福祉協議会助成費,100142
3,民生費,1,社会福祉費,2,国民年金費,説明,002,民間社会福祉施設運営二成費,2340
3,民生費,1,社会福祉費,2,国民年金費,説明,012,福祉施設指導監査費,985
3,民生費,1,社会福祉費,2,国民年金費,説明,001,福祉施設指導芝査事業費,985
3,民生費,1,社会福祉費,2,国民年金費,説明,001,給与費,38895
3,民生費,1,社会福祉費,2,国民年金費,説明,001,"一般職 4人                            31,",255
3,民生費,1,社会福祉費,2,国民年金費,節,2,給料,17194
3,民生費,1,社会福祉費,0,,節,8,旅費,85
3,民生費,1,社会福祉費,0,,節,10,需用費,888
3,民生費,1,社会福祉費,0,,節,11,役務費,227
3,民生費,1,社会福祉費,0,,節,27,繰出金        1,499302
3,民生費,1,社会福祉費,0,,説明,001,"国民徒康保険費                              1. 499,",302
3,民生費,2,老人福祉費,0,,説明,980,"82, 996     A16     5,226            1.759    75,",995
3,民生費,2,老人福祉費,0,,節,3,職員手当等,572
3,民生費,2,老人福祉費,0,,説明,002,"高齢者福祉管理費                                   27,",597
3,民生費,2,老人福祉費,0,,説明,001,高齢者福祉管理事業費,27597
3,民生費,2,老人福祉費,0,,節,4,共済費,490
3,民生費,2,老人福祉費,0,,節,8,旅費,78
3,民生費,2,老人福祉費,0,,説明,004,高齢者生きがい活動推進費                              4,521
3,民生費,2,老人福祉費,0,,節,10,需用費,499
3,民生費,2,老人福祉費,0,,説明,002,高齢者生きがい活動推進事業費,290
3,民生費,2,老人福祉費,0,,説明,005,"敬老事業費                               39,",384
3,民生費,2,老人福祉費,0,,説明,001,敬老事業費,39384
3,民生費,2,老人福祉費,0,,節,11,役務費,123
3,民生費,2,老人福祉費,0,,節,13,使用料及び任,55
3,民生費,2,老人福祉費,0,,節,18,負担金、補助,26731
3,民生費,2,老人福祉費,0,,節,3,職員手当等        2.,682
3,民生費,2,老人福祉費,0,,節,8,旅費,643
3,民生費,2,老人福祉費,0,,節,11,役務費,642
3,民生費,2,老人福祉費,0,,節,17,備品購入費,92
3,民生費,2,老人福祉費,0,,節,18,負担金、補助      64.,797
3,民生費,2,老人福祉費,0,,節,19,扶助費,173316
3,民生費,3,児童福祉費,1,子ども子育,説明,002,"介護保険事業特別会計繰出金                   3 181,",428
3,民生費,3,児童福祉費,1,子ども子育,説明,001,"介護保険事業特別会計線出金                  83. 181,",428
3,民生費,3,児童福祉費,1,子ども子育,説明,003,介護予防支援費,63
3,民生費,3,児童福祉費,1,子ども子育,説明,001,介護予防支援事業費,63
3,民生費,3,児童福祉費,1,子ども子育,節,19,扶助費,32
3,民生費,3,児童福祉費,1,子ども子育,説明,001,給与費,370658
3,民生費,3,児童福祉費,1,子ども子育,説明,001,子どもの権利救済委員 2人,600
3,民生費,3,児童福祉費,1,子ども子育,節,2,"給料           129,",907
3,民生費,3,児童福祉費,1,子ども子育,説明,002,子ども・子育て会議委員 15人,524
3,民生費,3,児童福祉費,1,子ども子育,節,3,職員手当等,111444
3,民生費,3,児童福祉費,1,子ども子育,説明,003,放課後児童クラブ運営評価委員会委員 4人,216
3,民生費,3,児童福祉費,1,子ども子育,説明,004,"一般職 33人                                275,",478
3,民生費,3,児童福祉費,1,子ども子育,説明,005,パートタイム会計年度任用職員,93840
3,民生費,3,児童福祉費,1,子ども子育,説明,002,子どもの権利推進費,5460
3,民生費,3,児童福祉費,0,,節,10,需用費,30296
3,民生費,3,児童福祉費,0,,説明,001,"放課後児童クラブ運営管理費                        467,",443
3,民生費,3,児童福祉費,0,,説明,002,放課後児童クラブ施設管理費,38907
3,民生費,3,児童福祉費,0,,説明,001,"給与費                                 38,",798
3,民生費,3,児童福祉費,0,,説明,001,フルタイム会計年度任用職員 2人,11166
3,民生費,3,児童福祉費,0,,節,2,"給料            5,",907
3,民生費,3,児童福祉費,0,,説明,002,"パートタイム会計年度任用職員                    27,",632
3,民生費,3,児童福祉費,0,,説明,002,"こども家庭支援費                         291,",64
3,民生費,3,児童福祉費,0,,説明,001,子育て世代包括支援センター事業費,515
3,民生費,3,児童福祉費,0,,節,4,"共済費                5,",535
3,民生費,3,児童福祉費,0,,節,8,旅費,541
3,民生費,3,児童福祉費,0,,節,11,役務党,692
3,民生費,3,児童福祉費,0,,説明,006,出産・子育て応援事業費,5400
3,民生費,3,児童福祉費,0,,節,12,委託料,14098
3,民生費,3,児童福祉費,0,,説明,007,"妊婦のための支援給付費                              264,",181
3,民生費,3,児童福祉費,0,,節,18,"負担金、補助     145,",167
3,民生費,3,児童福祉費,0,,説明,289,"92.094        へ8.805         45,028                                        38,",261
3,民生費,3,児童福祉費,19,扶甚費,節,8,旅費,52
3,民生費,3,児童福祉費,19,扶甚費,説明,001,ひとり親家庭等支援費                                  8.,478
3,民生費,3,児童福祉費,19,扶甚費,説明,001,ひとり親家庭等生活向上事業費,600
3,民生費,3,児童福祉費,19,扶甚費,節,10,需用費,110
3,民生費,3,児童福祉費,19,扶甚費,説明,002,"ひとり親家庭等給付費                                                    19,",991
3,民生費,3,児童福祉費,19,扶甚費,節,12,委託料,600
3,民生費,3,児童福祉費,19,扶甚費,説明,003,ひとり親家庭等医療費,54820
3,民生費,3,児童福祉費,19,扶甚費,説明,001,ひとり親家庭等医療事務費,2614
3,民生費,3,児童福祉費,19,扶甚費,説明,002,"ひとり親家庭等医療助成費                                   52,",206
3,民生費,3,児童福祉費,19,扶甚費,節,1,報酬,6111
3,民生費,3,児童福祉費,19,扶甚費,説明,001,"給与費                                                          8,.",926
3,民生費,3,児童福祉費,19,扶甚費,説明,001,パートタイム会計年度任用職員,8926
3,民生費,3,児童福祉費,19,扶甚費,説明,002,"児童手当費                                      4.929,",339
3,民生費,3,児童福祉費,0,,説明,002,"児童手当扶助費                              も927,",681
3,民生費,3,児童福祉費,0,,節,10,需用費,502
3,民生費,3,児童福祉費,5,児音拓養手,説明,002,"児童扶養手当費                                       886,",583
3,民生費,3,児童福祉費,5,児音拓養手,説明,002,"児童扶養手当扶助費                            885,",487
3,民生費,3,児童福祉費,5,児音拓養手,節,8,旅費,327
3,民生費,3,児童福祉費,6,こども医療,説明,621,"1.103.388    125, 233    317, 103           129.300",782218
3,民生費,3,児童福祉費,6,こども医療,節,10,需用費,172
3,民生費,3,児童福祉費,6,こども医療,節,11,役務費,922
3,民生費,3,児童福祉費,6,こども医療,節,19,"扶助費          885,",486
3,民生費,3,児童福祉費,6,こども医療,説明,001,パートタイム会計年度任用職員,6963
3,民生費,3,児童福祉費,6,こども医療,説明,002,"こども医療費                                    1.211,",654
3,民生費,3,児童福祉費,6,こども医療,説明,001,"こども医療事務党                                             79,",668
3,民生費,3,児童福祉費,6,こども医療,節,8,旅費,178
3,民生費,3,児童福祉費,0,,節,11,役務費,79515
3,民生費,3,児童福祉費,0,,説明,003,未熟児医療費,10004
3,民生費,3,児童福祉費,0,,説明,001,"未明児養育医療事業費                         10,",4
3,民生費,3,児童福祉費,19,兵甚費,説明,001,"給与費                                2. 525,",994
3,民生費,3,児童福祉費,19,兵甚費,説明,001,"嘱託医 20人                             3,",452
3,民生費,3,児童福祉費,19,兵甚費,節,2,"給料          959,",915
3,民生費,3,児童福祉費,19,兵甚費,説明,003,"パートタイム会計年度任用職員                739,",521
3,民生費,3,児童福祉費,19,兵甚費,説明,002,保育園等運営管理費,240828
3,民生費,3,児童福祉費,19,兵甚費,説明,001,"保育園等運営管理事業沖                      25,",930
3,民生費,3,児童福祉費,19,兵甚費,節,4,"共済費         375,",186
3,民生費,3,児童福祉費,19,兵甚費,節,7,報償費,5
3,民生費,3,児童福祉費,0,,節,10,"需用費         211,",234
3,民生費,3,児童福祉費,0,,節,15,原材料費,333
3,民生費,3,児童福祉費,0,,節,18,負担金、補助       1,499
3,民生費,3,児童福祉費,8,保育園振興,説明,001,私立保育園等振興費,6505390
3,民生費,3,児童福祉費,8,保育園振興,説明,001,"施設型給付費                         も 834,",769
3,民生費,3,児童福祉費,8,保育園振興,節,18,"負担金、補助     806,",454
3,民生費,3,児童福祉費,8,保育園振興,説明,002,"地域型保育給付費                              831,",282
3,民生費,3,児童福祉費,8,保育園振興,説明,003,施設等利用給付費,28332
3,民生費,3,児童福祉費,8,保育園振興,説明,004,私立保育園運営等基成費,167607
3,民生費,3,児童福祉費,8,保育園振興,説明,005,"保育対策等促進事業費                365,",273
3,民生費,4,障害者福祉費,1,障害者福視,説明,006,"多様な保育推進事業費                         158,",370
3,民生費,4,障害者福祉費,1,障害者福視,説明,007,私立保育園等施設整備勘成費,119757
3,民生費,4,障害者福祉費,0,,説明,729,"629,127     8, 602    295, 858            32.947    308,",924
3,民生費,4,障害者福祉費,0,,節,3,職員手当等,554
3,民生費,4,障害者福祉費,0,,説明,002,障害者福祉管理費                                3.,65
3,民生費,4,障害者福祉費,0,,節,4,共済費,487
3,民生費,4,障害者福祉費,0,,節,8,旅費,86
3,民生費,4,障害者福祉費,0,,節,17,備品購入費,21
3,民生費,4,障害者福祉費,0,,節,18,負担金、補助,60
3,民生費,4,障害者福祉費,0,,節,10,需用費,52
3,民生費,4,障害者福祉費,0,,説明,001,"重度心身障害児 (者) 医療費                      450,",921
3,民生費,4,障害者福祉費,0,,説明,001,"重度心身障害児 (者) 医療事務費              18,",210
3,民生費,4,障害者福祉費,0,,説明,002,"特別障害者手当等給付費                              121,",809
3,民生費,4,障害者福祉費,0,,説明,002,特別障害者手当等扶助費,121680
3,民生費,4,障害者福祉費,0,,説明,004,精神障害者医療費,20572
3,民生費,4,障害者福祉費,0,,節,19,"扶助費          587,",443
3,民生費,4,障害者福祉費,0,,説明,001,精神障害者医療扶助費,20572
3,民生費,4,障害者福祉費,0,,説明,001,重度心身障害児等福祉手当費,5520
3,民生費,4,障害者福祉費,0,,説明,006,心身障害者扶養共済事業費                             31.,947
3,民生費,4,障害者福祉費,0,,説明,001,障害支援区分認定等審査会要員 10人              1.,620
3,民生費,4,障害者福祉費,0,,説明,002,認定等審査会費                                         3,142
3,民生費,4,障害者福祉費,0,,節,8,旅費,266
3,民生費,4,障害者福祉費,0,,節,10,需用費,162
3,民生費,4,障害者福祉費,0,,節,12,委託料,46875
3,民生費,4,障害者福祉費,0,,節,18,負担金、補助,865
3,民生費,4,障害者福祉費,0,,説明,006,"障害児通所給付費                                 2, 283,",661
3,民生費,4,障害者福祉費,0,,説明,001,"障害児適所事業費                        2, 283,",661
3,民生費,4,障害者福祉費,0,,説明,007,"自立支援医療費                                           180,",619
3,民生費,4,障害者福祉費,0,,説明,001,更生医療費,180108
3,民生費,4,障害者福祉費,0,,説明,002,育成医療費,511
3,民生費,4,障害者福祉費,0,,説明,008,補装具費,45000
3,民生費,4,障害者福祉費,0,,説明,009,"地域生活支援費                                    245,",183
3,民生費,4,障害者福祉費,0,,説明,001,"相談支援等事業則                      41,",332
3,民生費,4,障害者福祉費,0,,説明,003,"社会参加促進支援事業連                       26,",285
3,民生費,4,障害者福祉費,0,,説明,004,"日常生活用具給付事業費                           60,",924
3,民生費,4,障害者福祉費,0,,節,7,報償費,837
3,民生費,4,障害者福祉費,0,,説明,001,障害者援護活動費,60156
3,民生費,4,障害者福祉費,0,,説明,003,"地域生活安全事業費                                25,",579
3,民生費,4,障害者福祉費,0,,説明,485,"255, 918         8S5, 567       119, 786         11, 200         77,159",133340
3,民生費,4,障害者福祉費,0,,節,11,役務費,13
3,民生費,4,障害者福祉費,0,,説明,004,入居支援事業費,29215
3,民生費,4,障害者福祉費,0,,節,19,扶助費,23527
3,民生費,4,障害者福祉費,0,,説明,006,援護助成費,760
3,民生費,4,障害者福祉費,0,,節,1,報酬,8868
3,民生費,4,障害者福祉費,0,,説明,001,"給与費                                                                217,",765
3,民生費,4,障害者福祉費,0,,説明,001,"一般職 18人                             145,",392
3,民生費,4,障害者福祉費,0,,説明,002,フルタイム会計年度任用職員 11人,59054
3,民生費,4,障害者福祉費,0,,説明,003,パートタイム会計年度任用職員,13319
3,民生費,4,障害者福祉費,0,,説明,002,ふじやま学園管理費,123720
3,民生費,4,障害者福祉費,0,,説明,001,ふじやま学園運営管理事業費                               34.,307
3,民生費,4,障害者福祉費,0,,節,4,"共済費         35,",983
3,民生費,4,障害者福祉費,0,,節,7,報償費,12
3,民生費,4,障害者福祉費,0,,節,8,旅費,818
3,民生費,4,障害者福祉費,0,,説明,192,"339, 393          29, 799           3, 428           9, 400        133, 533        222,",831
3,民生費,4,障害者福祉費,0,,節,12,"委託料          36,",989
3,民生費,4,障害者福祉費,0,,節,17,備品購入費,12638
3,民生費,4,障害者福祉費,0,,節,18,負担金、補助,471
3,民生費,4,障害者福祉費,0,,節,1,報酬,39986
3,民生費,4,障害者福祉費,0,,説明,001,"給与費                                 312,",486
3,民生費,4,障害者福祉費,0,,説明,001,"一般職34人                    254,",785
3,民生費,4,障害者福祉費,0,,節,2,給料,137112
3,民生費,4,障害者福祉費,0,,説明,002,パートタイム会計年度任用職員,57701
3,民生費,4,障害者福祉費,0,,説明,002,"こども発達モンター管理費                          32,",659
3,民生費,4,障害者福祉費,0,,説明,001,"こども発達キンター運営管理事業費          11,",579
3,民生費,4,障害者福祉費,0,,節,4,共済費,50800
3,民生費,4,障害者福祉費,0,,節,7,報償費,461
3,民生費,4,障害者福祉費,0,,節,11,役務費,798
3,民生費,4,障害者福祉費,0,,節,12,"委託料          31,",504
3,民生費,4,障害者福祉費,0,,節,13,使用料及び賃,558
3,民生費,5,生活保護費,0,,説明,788,"269, 839    15, 949    24, 904",260884
3,民生費,5,生活保護費,0,,節,15,原材料費,46
3,民生費,5,生活保護費,0,,節,18,負担金、補助,560
3,民生費,5,生活保護費,0,,説明,001,給与費,270975
3,民生費,5,生活保護費,0,,説明,001,"一般職 27人                             224,",564
3,民生費,5,生活保護費,0,,節,2,"給料           101,",788
3,民生費,5,生活保護費,0,,説明,002,パートタイム会計年度任用職員,46411
3,民生費,5,生活保護費,0,,節,3,職員手当等,92
3,民生費,5,生活保護費,0,,説明,002,社会福祉     査事業費,608
3,民生費,5,生活保護費,0,,節,4,共済費,43668
3,民生費,5,生活保護費,0,,節,7,報償費,550
3,民生費,5,生活保護費,0,,節,18,負担金、補助,220
3,民生費,6,災害救助費,0,,節,7,報償費,179
3,民生費,6,災害救助費,0,,説明,001,"各種扶助費                                      3.613,",223
3,民生費,6,災害救助費,0,,説明,001,"生活保護状助費                                               3, 600,",1
3,民生費,6,災害救助費,0,,節,8,旅費,13
3,民生費,6,災害救助費,0,,説明,002,"中国残留郭人生活支援給付費                      13,",222
3,民生費,6,災害救助費,0,,節,8,旅費,1
3,民生費,6,災害救助費,0,,説明,001,災害投助費,508
3,民生費,6,災害救助費,0,,説明,001,火害救助事業費,508
3,民生費,6,災害救助費,0,,節,10,需用費,7
4,衛生費,1,保健衛生謝,0,,節,3,"職員手当等    123,",978
4,衛生費,1,保健衛生謝,0,,節,7,報償費,56
4,衛生費,1,保健衛生謝,0,,節,8,旅費,518
4,衛生費,1,保健衛生謝,0,,節,10,"需用費           5,",191
4,衛生費,1,保健衛生費,2,予防接種費,説明,391,"117               943,",632
4,衛生費,1,保健衛生費,2,予防接種費,節,11,役務費,509
4,衛生費,1,保健衛生費,2,予防接種費,節,12,"委託料         351,",108
4,衛生費,1,保健衛生費,2,予防接種費,節,13,使用料及び任,11228
4,衛生費,1,保健衛生費,2,予防接種費,節,18,"負担金、補助      28,",65
4,衛生費,1,保健衛生費,2,予防接種費,節,3,職員手当等,737
4,衛生費,1,保健衛生費,2,予防接種費,節,7,報償費,30
4,衛生費,1,保健衛生費,0,,節,8,旅費,610
4,衛生費,1,保健衛生費,0,,節,10,需用費,11129
4,衛生費,1,保健衛生費,0,,節,11,役務費          4,782
4,衛生費,1,保健衛生費,0,,節,12,"委託料         913,",588
4,衛生費,1,保健衛生費,0,,節,18,"負担金、補助       2,",628
4,衛生費,1,保健衛生費,0,,説明,755,"540,225      9.530     50,395                 30    499,",330
4,衛生費,1,保健衛生費,0,,節,3,職員手当等,568
4,衛生費,1,保健衛生費,0,,説明,002,動物愛護管理費,10753
4,衛生費,1,保健衛生費,0,,説明,001,動物愛護管理費,10753
4,衛生費,1,保健衛生費,0,,節,4,共済費,490
4,衛生費,1,保健衛生費,0,,節,10,"需用費           2,",241
4,衛生費,1,保健衛生費,0,,節,11,役務沖          3,158
4,衛生費,1,保健衛生費,0,,節,12,委託料,159
4,衛生費,1,保健衛生費,0,,節,17,備品購入費,42
4,衛生費,1,保健衛生費,0,,節,18,"負担金、補助       5,",148
4,衛生費,1,保健衛生費,0,,説明,001,"給与費                                 22,",163
4,衛生費,1,保健衛生謝,0,,節,3,職員手当等,809
4,衛生費,1,保健衛生謝,0,,節,4,共済費,422
4,衛生費,1,保健衛生謝,0,,節,11,"役務費         21,",122
4,衛生費,1,保健衛生謝,0,,節,12,委託料,427311
4,衛生費,1,保健衛生謝,0,,節,17,備品購入費,932
4,衛生費,1,保健衛生謝,0,,節,18,負担金、補助,61996
4,衛生費,1,保健衛生謝,0,,節,19,扶助費,139
4,衛生費,1,保健衛生費,0,,説明,003,思春期保健事業費,20
4,衛生費,1,保健衛生費,0,,説明,004,乳幼児健康診査事業費,40213
4,衛生費,1,保健衛生費,0,,説明,005,乳幼児保健事業費,656
4,衛生費,1,保健衛生費,0,,説明,006,母子訪問指導事業費,855
4,衛生費,1,保健衛生費,5,健康ふじ,節,1,報酬,354
4,衛生費,1,保健衛生費,5,健康ふじ,節,7,報償費,813
4,衛生費,1,保健衛生費,5,健康ふじ,節,8,旅費,87
4,衛生費,1,保健衛生費,5,健康ふじ,節,10,需用費           2.,350
4,衛生費,1,保健衛生費,6,指定難病等,説明,129,"10, 588   67,541               1.431   76,",698
4,衛生費,1,保健衛生費,6,指定難病等,説明,003,健康ふじ2 1推進費,16645
4,衛生費,1,保健衛生費,6,指定難病等,節,10,需用費,99
4,衛生費,1,保健衛生費,6,指定難病等,説明,001,指定難病等対策費,30188
4,衛生費,1,保健衛生費,6,指定難病等,説明,001,指定難病等対策事業費,30188
4,衛生費,1,保健衛生費,6,指定難病等,節,18,負担金、補助,920
4,衛生費,1,保健衛生費,6,指定難病等,節,19,扶助費,27930
4,衛生費,1,保健衛生費,6,指定難病等,説明,001,パートタイム会計年度任用職員,5707
4,衛生費,1,保健衛生費,6,指定難病等,節,3,職員手当等,590
4,衛生費,1,保健衛生費,8,森林墓園費,節,4,共済費,493
4,衛生費,1,保健衛生費,8,森林墓園費,節,8,旅費,174
4,衛生費,1,保健衛生費,8,森林墓園費,節,10,需用費           3.,782
4,衛生費,1,保健衛生費,8,森林墓園費,節,12,委託料,5300
4,衛生費,1,保健衛生費,8,森林墓園費,節,18,負担金、補助,63247
4,衛生費,1,保健衛生費,0,,節,8,旅費,643
4,衛生費,1,保健衛生費,0,,節,10,需用費,4106
4,衛生費,1,保健衛生費,0,,節,11,役務費,832
4,衛生費,1,保健衛生費,0,,節,12,"委託料          15,",386
4,衛生費,1,保健衛生費,0,,節,13,使用料及び任,582
4,衛生費,1,保健衛生費,0,,節,1,報酬,28048
4,衛生費,1,保健衛生費,0,,節,2,"給料            3,",848
4,衛生費,1,保健衛生費,0,,節,3,職員手当等,7386
4,衛生費,1,保健衛生費,0,,説明,002,"斎場施設管理費                        35,",900
4,衛生費,1,保健衛生費,0,,節,8,旅費,719
4,衛生費,1,保健衛生費,0,,節,10,"需用費          58,",761
4,衛生費,1,保健衛生費,0,,節,11,役務費,7
4,衛生費,1,保健衛生費,0,,節,12,"委託料          29,",451
4,衛生費,1,保健衛生費,10,フィランセ,説明,002,フィランセ費                                   124.,59
4,衛生費,1,保健衛生謝,0,,節,4,共済費           1,488
4,衛生費,1,保健衛生謝,0,,節,8,旅費,220
4,衛生費,1,保健衛生謝,0,,節,11,役務沖          3.,693
4,衛生費,1,保健衛生謝,0,,節,12,委託料,79877
4,衛生費,1,保健衛生謝,0,,節,13,"使用料及び賃      21,",365
4,衛生費,1,保健衛生謝,0,,節,18,負担金、補助,4
4,衛生費,1,保健衛生謝,0,,説明,001,フィランセ運営管理費,61849
4,衛生費,1,保健衛生謝,0,,説明,002,フィランセ施設管理費,62210
4,衛生費,1,保健衛生謝,0,,説明,001,"給与費                                              174,",397
4,衛生費,1,保健衛生謝,0,,説明,001,"一般職 1 8人                              165,",298
4,衛生費,1,保健衛生謝,0,,節,2,給料,83142
4,衛生費,1,保健衛生謝,0,,説明,002,看護専門学校管理費,86198
4,衛生費,1,保健衛生謝,0,,説明,002,"看護専門学校運営管理費                   12,",622
4,衛生費,1,保健衛生謝,0,,説明,003,看護専門学校施設管理費,50037
4,衛生費,2,清掃費,0,,説明,944,"591, 947      人へ13,003          798                    26.175      551,",971
4,衛生費,2,清掃費,0,,節,11,役務費,551
4,衛生費,2,清掃費,0,,節,13,"使用料及び賃      13,",745
4,衛生費,2,清掃費,0,,節,14,工事請負費,26700
4,衛生費,2,清掃費,0,,節,18,負担金、補助,818
4,衛生費,2,清掃費,0,,節,1,報酬,393
4,衛生費,2,清掃費,0,,説明,001,"給与費                             436,",749
4,衛生費,2,清掃費,0,,説明,001,廃棄物減量化等推進審議会要員 15人,393
4,衛生費,2,清掃費,0,,説明,002,"一般職 55人                                436,",356
4,衛生費,2,清掃費,0,,節,7,報償費,917
4,衛生費,2,清掃費,0,,節,8,旅費,352
4,衛生費,2,清掃費,0,,節,11,役務費,196
4,衛生費,2,清掃費,0,,節,12,"委託料              133,",669
4,衛生費,2,清掃費,0,,節,13,使用料及び賃,632
4,衛生費,2,清掃費,0,,節,17,備品購入費,38
4,衛生費,2,清掃費,0,,節,18,負担金、補助,304
4,衛生費,2,清掃費,0,,説明,001,"パートタイム会計年度任用職員                          34,",878
4,衛生費,2,清掃費,0,,説明,002,"新環境クリーンセンター管理費                                1.197,",785
4,衛生費,2,清掃費,0,,説明,001,"新菩境クリーンセンター運営管理事業費            855,",392
4,衛生費,2,清掃費,0,,説明,003,"収集管理費                                           678,",733
4,衛生費,2,清掃費,0,,節,10,"需用費            21,",180
4,衛生費,2,清掃費,0,,節,17,備品購入費,766
4,衛生費,2,清掃費,0,,節,18,負担金、補助,3307
4,衛生費,2,清掃費,0,,節,24,積立金,5805
4,衛生費,2,清掃費,3,生活排水処,説明,809,"人へ98,679    32, 412            24, 480    690,",238
4,衛生費,2,清掃費,3,生活排水処,節,2,"給料           29,",489
4,衛生費,2,清掃費,3,生活排水処,節,3,職員手当等,31137
4,衛生費,2,清掃費,3,生活排水処,節,8,旅費,781
4,衛生費,3,環境対策費,1,環境政策費,節,13,使用料及び賃,13
4,衛生費,3,環境対策費,1,環境政策費,節,14,工事請負費,17787
4,衛生費,3,環境対策費,1,環境政策費,節,12,委託料,65330
4,衛生費,3,環境対策費,1,環境政策費,説明,001,"新環境クリーンセンター循環啓発棟運営費                 65,",330
4,衛生費,3,環境対策費,1,環境政策費,説明,001,新環境クリーンセンター循環産発棟運営事業費,65330
4,衛生費,3,環境対策費,1,環境政策費,説明,001,環境審議会要員 16人,568
4,衛生費,3,環境対策費,1,環境政策費,節,2,"給料           133,",466
4,衛生費,3,環境対策費,1,環境政策費,説明,002,地球温暖化対策実行計画協議会委員 16人,276
4,衛生費,3,環境対策費,1,環境政策費,説明,003,"一般職 32人                             262,",176
4,衛生費,3,環境対策費,0,,説明,002,"温暖化対策費                              94,",733
4,衛生費,3,環境対策費,0,,説明,002,"新エネルギー・省エネルギー普及事業費              92,",896
4,衛生費,3,環境対策費,0,,節,4,"共済費          45,",899
4,衛生費,3,環境対策費,0,,説明,001,環境啓発事業費,488
4,衛生費,3,環境対策費,0,,節,8,旅費,464
4,衛生費,3,環境対策費,0,,説明,002,"嘩境教育推進事業費                              2,",283
4,衛生費,3,環境対策費,0,,説明,004,環境計画費,11571
4,衛生費,3,環境対策費,0,,説明,001,暴境審議会事務費,43
4,衛生費,3,環境対策費,0,,説明,003,庁内環境配慮推進事業費,2219
4,衛生費,3,環境対策費,0,,説明,005,富士・愛鷹山麓地域森林機能保全基金積立費,57
4,衛生費,3,環境対策費,0,,節,18,"負担金、補助      91,",908
4,衛生費,3,環境対策費,0,,節,24,積立金,57
4,衛生費,3,環境対策費,2,環境保全費,説明,001,環境保全費,56169
4,衛生費,3,環境対策費,2,環境保全費,説明,001,環境保全事業費,347
4,衛生費,3,環境対策費,2,環境保全費,説明,002,大気汚染対策費,30278
4,衛生費,3,環境対策費,2,環境保全費,節,10,"需用費           3,",922
4,衛生費,3,環境対策費,2,環境保全費,節,12,"委託料          45,",87
4,衛生費,3,環境対策費,0,,説明,370,584         2.,863
4,衛生費,3,環境対策費,0,,節,3,職員手当等,533
4,衛生費,3,環境対策費,0,,節,4,共済費,448
4,衛生費,3,環境対策費,0,,節,8,旅費,320
4,衛生費,3,環境対策費,0,,節,10,需用費,751
4,衛生費,3,環境対策費,0,,節,11,役務費,443
4,衛生費,3,環境対策費,0,,説明,060,"465, 506         10,554         10, 922                      424, 482",40656
4,衛生費,3,環境対策費,0,,節,12,"委託料          5,",854
4,衛生費,3,環境対策費,0,,節,13,使用料及び賃,790
4,衛生費,3,環境対策費,0,,節,17,備品購入費,403
4,衛生費,3,環境対策費,0,,説明,001,給与費,27538
4,衛生費,3,環境対策費,0,,節,2,"給料           12,",725
4,衛生費,3,環境対策費,0,,説明,002,公害診療報酬審査会委員 3人,378
4,衛生費,3,環境対策費,0,,説明,003,"一般職 3人                            24,",375
4,衛生費,3,環境対策費,0,,説明,002,"公害病補償給付費                            446,",837
4,衛生費,3,環境対策費,0,,説明,001,"公害病補償給付事務費                       12,",573
4,衛生費,3,環境対策費,0,,説明,002,"公害病補償給付費                         434,",264
4,衛生費,3,環境対策費,0,,説明,001,リハビリテーション事業費,101
4,衛生費,3,環境対策費,0,,節,7,報償費,21
4,衛生費,3,環境対策費,5,健康被害予,節,8,旅費,146
4,衛生費,3,環境対策費,5,健康被害予,節,10,需用費,502
4,衛生費,3,環境対策費,5,健康被害予,節,11,役務費         11.,681
4,衛生費,3,環境対策費,5,健康被害予,節,12,委託料,424
4,衛生費,3,環境対策費,5,健康被害予,節,21,補償、補才及     134.,264
4,衛生費,3,環境対策費,5,健康被害予,節,7,報償当,50
4,衛生費,3,環境対策費,5,健康被害予,節,8,旅費,24
4,衛生費,4,病院費,0,,節,10,需用費,160
4,衛生費,4,病院費,0,,節,11,役務費,340
4,衛生費,4,病院費,0,,節,13,使用料及び任,293
4,衛生費,4,病院費,0,,節,18,"負担金、補助    2.334,",170
4,衛生費,4,病院費,0,,説明,002,"溢原病院事業費                            546,",170
4,衛生費,4,病院費,0,,説明,001,"瀧原病院組合負担金                        281,",281
4,衛生費,5,上水道費,0,,説明,078,"8,377    701",9078
4,衛生費,5,上水道費,0,,説明,002,"浦原病院組合補助金                            264,",889
4,衛生費,5,上水道費,0,,説明,003,"新病院建設基金積立費                               318,",542
4,衛生費,5,上水道費,0,,説明,001,"新病院建設基金積立事業費                    318,",542
5,労働費,1,労働費,0,,説明,568,"2.856                   275   114,",149
5,労働費,1,労働費,0,,節,7,報償,765
5,労働費,1,労働費,0,,節,8,旅費,136
5,労働費,1,労働費,0,,説明,082,"27, 688    41, 394            36,700      950    31,",432
5,労働費,1,労働費,0,,説明,005,勤労者資金貸付費,36770
5,労働費,1,労働費,0,,説明,001,"勤労者住宅建設資金貸付事業費                            32,",745
5,労働費,1,労働費,0,,説明,003,勤労者くらしの資金貸付事業費,316
5,労働費,1,労働費,0,,節,10,需用費,30
5,労働費,1,労働費,0,,説明,001,"勤労者総合福祉センター管理費                          72,",993
5,労働費,1,労働費,0,,節,11,役務費,363
5,労働費,1,労働費,0,,節,14,工事請負費,72600
5,労働費,1,労働費,0,,説明,001,"高齢者就業センター管理費                             46,",82
5,労働費,1,労働費,0,,説明,001,"高齢者就業センター施設管理事業費              46,",82
5,労働費,1,労働費,0,,説明,001,高齢者就労支援事業費,23000
5,労働費,1,労働費,0,,節,13,使用料及び賃,4
5,労働費,1,労働費,0,,節,14,工事請負費,37000
6,農林水産業費,1,農業費,1,農業委員会,説明,945,"678     3.360             303    42,",960
6,農林水産業費,1,農業費,1,農業委員会,節,2,給料,17489
6,農林水産業費,1,農業費,1,農業委員会,節,4,"共済費           5,",749
6,農林水産業費,1,農業費,1,農業委員会,節,7,報償党,10
6,農林水産業費,1,農業費,1,農業委員会,節,8,旅費,180
6,農林水産業費,1,農業費,1,農業委員会,節,11,役務費,30
6,農林水産業費,1,農業費,0,,説明,984,"105, 307    へ5, 323                        482",99502
6,農林水産業費,1,農業費,0,,節,12,委託料,528
6,農林水産業費,1,農業費,0,,節,18,負担金、補助,660
6,農林水産業費,1,農業費,0,,説明,001,"給与費                                 99,",885
6,農林水産業費,1,農業費,0,,説明,001,鳥獣被害対策実施隊員 23人,552
6,農林水産業費,1,農業費,0,,節,2,給料,48243
6,農林水産業費,1,農業費,0,,説明,002,一般職 12人,95653
6,農林水産業費,1,農業費,0,,節,3,職員手当等,31609
6,農林水産業費,1,農業費,0,,説明,003,パートタイム会計年度任用職員,3680
6,農林水産業費,1,農業費,0,,説明,002,農業管理費,99
6,農林水産業費,1,農業費,0,,節,8,旅費,163
6,農林水産業費,1,農業費,0,,節,10,需用費,58
6,農林水産業費,1,農業費,0,,節,1,報酬,5729
6,農林水産業費,1,農業費,0,,説明,001,パートタイム会計年度任用職員,8337
6,農林水産業費,1,農業費,0,,説明,002,"農業振興費                                            25,",574
6,農林水産業費,1,農業費,0,,説明,002,担い手育成総合支援事業費                         3,170
6,農林水産業費,1,農業費,0,,節,8,旅費,497
6,農林水産業費,1,農業費,0,,説明,004,農地中間管理事業費,376
6,農林水産業費,1,農業費,0,,説明,005,農業団体支援事業費,5027
6,農林水産業費,1,農業費,0,,説明,006,水田営農振興事業費,966
6,農林水産業費,1,農業費,0,,節,8,旅費,9
6,農林水産業費,1,農業費,0,,節,10,需用費,17
6,農林水産業費,1,農業費,0,,説明,551,"255, 222     19, 329    46,914    63,100     1.037    163,",500
6,農林水産業費,1,農業費,0,,節,18,負担金、補助,49
6,農林水産業費,1,農業費,0,,節,4,"共済費           5,",680
6,農林水産業費,1,農業費,0,,節,8,旅費,52
6,農林水産業費,1,農業費,0,,節,10,需用費,166
6,農林水産業費,1,農業費,0,,説明,002,農業施設管理助成費,20197
6,農林水産業費,1,農業費,0,,節,18,"負担金、補助      187,",91
6,農林水産業費,1,農業費,0,,説明,006,水利施設整備事業助成費 (富士東部),974
6,農林水産業費,1,農業費,0,,説明,006,"農用地地域共同活動費                                   32,",166
6,農林水産業費,1,農業費,0,,説明,007,ふるさと・水と土基金積立費,37
6,農林水産業費,1,農業費,0,,説明,001,ふるさと・水と土基金積立事業費,37
6,農林水産業費,1,農業費,0,,節,8,旅費,36
6,農林水産業費,1,農業費,0,,説明,001,農業施設管理費,90540
6,農林水産業費,1,農業費,0,,説明,001,農道管理費,49922
6,農林水産業費,1,農業費,0,,説明,002,"農業用水・排水施設管理事業費                    22,",818
6,農林水産業費,1,農業費,0,,節,12,委託料,16552
6,農林水産業費,1,農業費,0,,節,14,工事請負費,53500
6,農林水産業費,1,農業費,0,,節,15,原材料費,570
6,農林水産業費,1,農業費,0,,節,16,公有財産購入,200
6,農林水産業費,1,農業費,0,,節,18,負担金、補助,45
6,農林水産業費,1,農業費,0,,節,26,公課費,7
6,農林水産業費,2,林業費,0,,説明,135,"55, 951     2. 184     589              1",57545
6,農林水産業費,2,林業費,0,,節,7,報償費,360
6,農林水産業費,2,林業費,0,,節,8,旅費,99
6,農林水産業費,2,林業費,0,,節,12,委託料,48
6,農林水産業費,2,林業費,0,,節,15,原材料費,116
6,農林水産業費,2,林業費,0,,説明,484,"191, 936     28, 548     24, 380             70.368    125,",736
6,農林水産業費,2,林業費,0,,節,3,職員手当等,637
6,農林水産業費,2,林業費,0,,説明,002,林業振興費,70086
6,農林水産業費,2,林業費,0,,説明,001,"森林被害木対策事業費                         28,",969
6,農林水産業費,2,林業費,0,,節,7,報償費,56
6,農林水産業費,2,林業費,0,,説明,002,造林育成事業費,5834
6,農林水産業費,2,林業費,0,,節,11,役務費          1.,663
6,農林水産業費,2,林業費,0,,説明,004,林業センター管理事業費,759
6,農林水産業費,2,林業費,0,,節,13,使用料及び賃,182
6,農林水産業費,2,林業費,0,,説明,005,森林ふれあい事業費,919
6,農林水産業費,2,林業費,0,,説明,003,"礎林経営管理費                                        65,",466
6,農林水産業費,2,林業費,0,,説明,001,"森林経営管理事業費                           65,",466
6,農林水産業費,2,林業費,0,,説明,004,"大林民境基金積立党                                     80,",936
6,農林水産業費,2,林業費,0,,説明,001,"森林栖境基金積立事業費                       80,",936
6,農林水産業費,2,林業費,3,林道維持修,説明,001,林道維持修繕費,53318
6,農林水産業費,2,林業費,3,林道維持修,節,12,委託料,36
6,農林水産業費,2,林業費,3,林道維持修,説明,002,"橋梁維持修繕事業費                             18,",694
6,農林水産業費,2,林業費,3,林道維持修,節,14,"工事請負費       15,",182
6,農林水産業費,2,林業費,4,林業施設束,説明,373,"人へ17, 472     11, 660    36,900",28341
6,農林水産業費,2,林業費,4,林業施設束,節,18,負担金、補助,1
6,農林水産業費,2,林業費,4,林業施設束,節,8,旅費,107
6,農林水産業費,2,林業費,4,林業施設束,節,14,工事請負費,40980
6,農林水産業費,2,林業費,4,林業施設束,節,18,負担金、補助,16222
6,農林水産業費,2,林業費,4,林業施設束,説明,001,保健休養林管理費,20848
6,農林水産業費,2,林業費,4,林業施設束,説明,001,保健休養林之営管理事業費,20848
6,農林水産業費,2,林業費,4,林業施設束,節,11,役務井,264
6,農林水産業費,2,林業費,4,林業施設束,節,14,工事請負費,2322
6,農林水産業費,2,林業費,4,林業施設束,節,18,負担金、補助,50
6,農林水産業費,2,林業費,0,,説明,814,"41,392    人へ18, 578      1.000              1.005",20809
6,農林水産業費,3,水産業費,1,水産業振興,節,10,需用費,184
6,農林水産業費,3,水産業費,1,水産業振興,節,13,使用料及び賃,8
7,商工費,1,商工費,1,産業政策総,節,2,"給料           192,",386
7,商工費,1,商工費,1,産業政策総,節,3,"職員手当等       150,112",122
7,商工費,1,商工費,1,産業政策総,説明,003,"一般職 45人                            411,",322
7,商工費,1,商工費,1,産業政策総,説明,002,産業政策管理費                             1.,685
7,商工費,1,商工費,1,産業政策総,節,8,旅費,674
7,商工費,1,商工費,1,産業政策総,節,13,使用料及び賃,12
7,商工費,1,商工費,3,産業支援費,説明,968,"へ31, 878     7, 469             4.099    262,",522
7,商工費,1,商工費,3,産業支援費,節,8,旅費,922
7,商工費,1,商工費,3,産業支援費,説明,001,"産業政策推進費                                              3.077,",468
7,商工費,1,商工費,3,産業支援費,説明,001,"企業立地推進事業費                          625,",896
7,商工費,1,商工費,3,産業支援費,節,10,需用費               3,824
7,商工費,1,商工費,3,産業支援費,説明,002,産業連携促進事業費,289
7,商工費,1,商工費,3,産業支援費,節,12,"委託料            1.933,",780
7,商工費,1,商工費,3,産業支援費,節,18,"負担金、補助        536,",251
7,商工費,1,商工費,3,産業支援費,説明,001,中小企業等振興会議委員 15人,494
7,商工費,1,商工費,3,産業支援費,節,3,職員手当等,533
7,商工費,1,商工費,0,,節,4,共済費,448
7,商工費,1,商工費,0,,節,7,報償費,936
7,商工費,1,商工費,0,,節,10,需用費,747
7,商工費,1,商工費,0,,節,11,役務党,330
7,商工費,1,商工費,0,,節,17,備品購入費,43
7,商工費,1,商工費,0,,節,18,負担金、補助,190560
7,商工費,1,商工費,4,工業振興費,説明,387,"32,",189
7,商工費,1,商工費,0,,節,10,需用費,513
7,商工費,1,商工費,0,,節,11,役務費,20
7,商工費,1,商工費,0,,節,13,使用料及び質,358
7,商工費,1,商工費,0,,節,18,負担金、補助,9736
7,商工費,1,商工費,5,商業振興費,説明,381,"5,000    14, 800     2.066    24,",671
7,商工費,1,商工費,5,商業振興費,節,1,報酬,80
7,商工費,1,商工費,5,商業振興費,説明,001,給与費,80
7,商工費,1,商工費,5,商業振興費,節,8,旅費,22
7,商工費,1,商工費,5,商業振興費,説明,002,商業振興費,29142
7,商工費,1,商工費,5,商業振興費,説明,001,商業振興事務費,64
7,商工費,1,商工費,5,商業振興費,説明,002,中心市街地活性化支援事業費,7602
7,商工費,1,商工費,5,商業振興費,節,18,負担金、補助,25
7,商工費,1,商工費,5,商業振興費,説明,970,"富士のふもとの大博覧会開催負担多             5,",650
7,商工費,1,商工費,5,商業振興費,説明,003,"産業交流展示場費                                                             17,",302
7,商工費,1,商工費,5,商業振興費,説明,001,産業交流展示場管理事業費,17302
7,商工費,1,商工費,0,,説明,004,市場費,13
7,商工費,1,商工費,0,,説明,001,市場事業費,13
7,商工費,1,商工費,0,,説明,001,"パートタイム会計年度任用職員                         5,",379
7,商工費,1,商工費,0,,節,3,職員手当等,806
7,商工費,1,商工費,0,,説明,002,"交流観光振興費                                     31,",924
7,商工費,1,商工費,0,,説明,001,"交流観光振興事業費                         31,",924
7,商工費,1,商工費,0,,説明,003,福光推進費,63550
7,商工費,1,商工費,0,,節,11,役務費,793
7,商工費,1,商工費,0,,節,12,"委託料          88,",933
7,商工費,1,商工費,0,,節,17,備品購入費,584
7,商工費,1,商工費,0,,節,18,"負担金、補助   156,",61
7,商工費,1,商工費,7,計量費,説明,003,富士山女子駅伝事業費,7249
7,商工費,1,商工費,7,計量費,説明,004,"自転車関連事業費                                  27,",260
7,商工費,1,商工費,7,計量費,節,7,報償費,10
7,商工費,1,商工費,7,計量費,説明,001,計量費,108
7,商工費,1,商工費,7,計量費,説明,001,計量事業費,108
7,商工費,1,商工費,7,計量費,節,8,旅費,76
7,商工費,1,商工費,7,計量費,節,10,需用費,4
7,商工費,1,商工費,9,富士川楽座,説明,378,"10, 468              5.400       604",15839
7,商工費,1,商工費,9,富士川楽座,節,18,負担金、補助,18
7,商工費,1,商工費,9,富士川楽座,説明,001,新宮士駅施設管理事業費,5996
7,商工費,1,商工費,9,富士川楽座,節,10,需用費,5707
7,商工費,1,商工費,9,富士川楽座,説明,001,富士川楽座施設管理費,21843
7,商工費,1,商工費,9,富士川楽座,説明,001,富士川楽座施設管理事業費,21843
7,商工費,1,商工費,9,富士川楽座,節,13,"使用料及び賃       5,",136
9,消防費,1,消防費,0,,節,2,"給料                1.261,",275
9,消防費,1,消防費,0,,節,3,職員手当等        911.,950
9,消防費,1,消防費,0,,節,4,"共済費                439,",918
9,消防費,1,消防費,0,,節,7,報償費,791
9,消防費,1,消防費,0,,節,8,旅費,4543
9,消防費,1,消防費,0,,節,10,"需用費                107,",279
9,消防費,1,消防費,0,,説明,005,消防水利管理事業費,36405
9,消防費,1,消防費,0,,説明,006,消防庁舎管理事業費,80572
9,消防費,1,消防費,0,,説明,003,消防活動費,23804
9,消防費,1,消防費,0,,説明,001,消防活動費,23804
9,消防費,1,消防費,0,,節,12,"委託料          121,",882
9,消防費,1,消防費,0,,説明,004,"表急活動費                                            16,",807
9,消防費,1,消防費,0,,説明,001,救急活動費,16807
9,消防費,1,消防費,0,,節,18,負担金、補助,34
9,消防費,1,消防費,0,,説明,513,富士地域MC協議会負担金,55
9,消防費,1,消防費,0,,説明,005,予防広報活動旨,8345
9,消防費,1,消防費,0,,説明,001,"予防広報事業費                        6,",489
9,消防費,1,消防費,0,,説明,953,"167, 333     4.620     1.608     13, 200    22.900    134,",245
9,消防費,1,消防費,0,,節,26,公課費,2022
9,消防費,1,消防費,0,,節,1,報酬          66.,190
9,消防費,1,消防費,0,,節,7,報償費,20300
9,消防費,1,消防費,0,,節,8,旅費,36
9,消防費,1,消防費,0,,説明,002,消防音楽隊等運営事業費,856
9,消防費,1,消防費,0,,説明,006,"富士市・富士宮市消防指令センター偶                   147,",807
9,消防費,1,消防費,0,,説明,001,富士市・富士宮市消防指令センター運営事業費,147807
9,消防費,1,消防費,0,,説明,007,遭難対策費,527
9,消防費,1,消防費,0,,説明,001,遭難対策事業江,97
9,消防費,1,消防費,0,,説明,002,道難対策助成費,430
9,消防費,1,消防費,0,,説明,001,"給与費                                           66,",490
9,消防費,1,消防費,0,,説明,001,消防団員 800人,66490
9,消防費,1,消防費,0,,説明,002,"消防団管理費                                      84,",160
9,消防費,1,消防費,0,,説明,001,"消防団運営管理費                          55,",253
9,消防費,1,消防費,0,,説明,003,"消防団詰所管理事業費                         21,",642
9,消防費,1,消防費,0,,説明,003,消防団活動費,21303
9,消防費,1,消防費,0,,説明,001,消防団活動費                            2.,53
9,消防費,1,消防費,0,,説明,003,消防団交付金,16500
9,消防費,1,消防費,0,,説明,760,"410.009    86, 751     43,907    314.300            138,",553
9,消防費,1,消防費,0,,節,8,旅費,648
9,消防費,1,消防費,0,,説明,001,"消防施設整備費                              427,",756
9,消防費,1,消防費,0,,説明,001,当火栓整備事業費,66834
9,消防費,1,消防費,0,,節,10,需用費,570
9,消防費,1,消防費,0,,説明,004,"耐震性貯水槽整備事業費                     13,",58
9,消防費,1,消防費,0,,節,18,負担金、補助,66834
9,消防費,1,消防費,0,,説明,002,消防団施設整備費,69004
9,消防費,1,消防費,0,,説明,002,消防団車両整備事業費                         64.,60
9,消防費,1,消防費,0,,説明,001,給与費,497
9,消防費,1,消防費,0,,節,5,災害補償費,200
9,消防費,1,消防費,0,,説明,002,水防協議会委員 4人,40
9,消防費,1,消防費,0,,節,7,報償費,11
9,消防費,1,消防費,0,,説明,002,"水防対策費                                 13,",951
9,消防費,1,消防費,0,,説明,001,一般事務費,18
9,消防費,1,消防費,0,,節,8,旅費,8
9,消防費,1,消防費,0,,節,11,役務費,215
9,消防費,1,消防費,0,,節,12,"委託料           3,",74
9,消防費,1,消防費,0,,節,13,使用料及び賃,947
9,消防費,1,消防費,0,,節,15,原材料費,72
9,消防費,1,消防費,0,,説明,565,"165, 514    42, 051     65, 912    37,400     5.135",99118
9,消防費,1,消防費,0,,節,1,報酬          3.,61
9,消防費,1,消防費,0,,節,3,"職員手当等        11,",399
9,消防費,1,消防費,0,,節,4,共済費,531
9,消防費,1,消防費,0,,節,7,報償費,561
9,消防費,1,消防費,0,,節,8,旅費,526
9,消防費,1,消防費,0,,節,10,"需用費            47,",114
9,消防費,1,消防費,0,,説明,003,"備間資機材整備事業費                          26,",942
9,消防費,1,消防費,0,,節,12,委託料,24890
9,消防費,1,消防費,0,,節,14,"工事請負費        5,",131
9,消防費,1,消防費,0,,節,18,負担金、補助,40962
9,消防費,1,消防費,0,,説明,006,国民保護事業費,990
9,消防費,1,消防費,0,,説明,003,"防災無線費                                        63,",236
9,消防費,1,消防費,0,,説明,001,"防災無線整備費                                35,",858
9,消防費,1,消防費,0,,説明,002,防災無線管理費,27378
9,消防費,1,教育総務費,0,,説明,897,"5, 486      411     1.926                    3,",971
9,消防費,1,教育総務費,0,,説明,949,"888,546    35, 403     2, 371            11.049",910529
9,消防費,1,教育総務費,0,,説明,001,給与費                              3.,672
9,消防費,1,教育総務費,0,,説明,001,教育委員 人                              3,430
9,消防費,1,教育総務費,0,,節,7,報償費,106
9,消防費,1,教育総務費,0,,節,8,旅費             230,62
9,消防費,1,教育総務費,0,,説明,003,中学校部活動地域移行協議会要員 6人,180
9,消防費,1,教育総務費,0,,節,10,需用費,83
9,消防費,1,教育総務費,0,,節,18,負担金、補助,99
9,消防費,1,教育総務費,0,,節,1,報酬,33721
9,消防費,1,教育総務費,0,,説明,001,"給与費                             625,",960
9,消防費,1,教育総務費,0,,説明,001,"特別職 1人                              15,",263
9,消防費,1,教育総務費,0,,節,2,"給料          246,",525
9,消防費,1,教育総務費,0,,説明,003,パートタイム会計年度任用職員  (雪育総務),69084
9,消防費,1,教育総務費,0,,説明,002,管理事務局費                                       14.,2
10,教育費,1,教育総務費,0,,節,4,"共済費         124,",503
10,教育費,1,教育総務費,0,,節,7,報償宮,156
10,教育費,1,教育総務費,0,,節,8,旅費            2,203
10,教育費,1,教育総務費,0,,節,12,"委託料          52,",394
10,教育費,1,教育総務費,3,学校教育指,説明,305,"14, 020                     4.903      208,",513
10,教育費,1,教育総務費,3,学校教育指,説明,001,"学校区管理事業費                       12,",672
10,教育費,1,教育総務費,3,学校教育指,節,17,備品購入費,150
10,教育費,1,教育総務費,3,学校教育指,説明,005,大村教育施設等整備基金積立費,680
10,教育費,1,教育総務費,3,学校教育指,説明,001,大村教育施設等整備基金積立事業費,680
10,教育費,1,教育総務費,3,学校教育指,説明,006,"学校施設整備基金積立費                               48,",235
10,教育費,1,教育総務費,3,学校教育指,説明,001,"学校施設整備基金積立事業費                    48,",235
10,教育費,1,教育総務費,3,学校教育指,節,24,積立金,48915
10,教育費,1,教育総務費,3,学校教育指,節,1,報酬,160122
10,教育費,1,教育総務費,3,学校教育指,説明,001,"給与費                                                   184,",246
10,教育費,1,教育総務費,3,学校教育指,説明,001,いじめ間題対策連絡協議会委員 1人,14
10,教育費,1,教育総務費,3,学校教育指,節,3,職員手当等,961
10,教育費,1,教育総務費,3,学校教育指,説明,002,いじめ問題対策推進委員会委員 5人,250
10,教育費,1,教育総務費,3,学校教育指,説明,003,"パートタイム会計年度任用職員                        183,",982
10,教育費,1,教育総務費,3,学校教育指,説明,002,教育研究費,30139
10,教育費,1,教育総務費,0,,節,11,役務費,76
10,教育費,1,教育総務費,0,,節,13,使用料及び任,12288
10,教育費,1,教育総務費,0,,節,24,積立金,399
10,教育費,1,教育総務費,0,,節,1,"報酬          154,",100
10,教育費,1,教育総務費,0,,節,2,給料,6518
10,教育費,1,教育総務費,0,,節,10,需用費           2.,78
10,教育費,1,教育総務費,5,育英奨学費,説明,163,"16, 733     2.430                        366     18,",797
10,教育費,1,教育総務費,5,育英奨学費,節,18,負担金、補助,126
10,教育費,1,教育総務費,5,育英奨学費,節,1,報酬,20
10,教育費,1,教育総務費,5,育英奨学費,説明,001,給与費,20
10,教育費,1,教育総務費,5,育英奨学費,説明,001,育英奨学生選考委員会委員 2人,20
10,教育費,1,教育総務費,5,育英奨学費,説明,002,"育英奨学資金事業賀                                  9,",480
10,教育費,1,教育総務費,5,育英奨学費,説明,003,育英奨学基金積立費,717
10,教育費,1,教育総務費,5,育英奨学費,節,24,積立金,717
10,教育費,1,教育総務費,5,育英奨学費,説明,001,育英奨学基金積立事業賀,717
10,教育費,1,教育総務費,5,育英奨学費,説明,001,教育プラザ管理費,19163
10,教育費,1,教育総務費,5,育英奨学費,節,11,役務費,945
10,教育費,2,小学校費,1,小学校管理,説明,508,"人へ61, 498    2.033    3.100    17.770",752107
10,教育費,2,小学校費,1,小学校管理,節,13,使用料及び賃,160
10,教育費,2,小学校費,1,小学校管理,節,18,負担金、補助,8
10,教育費,2,小学校費,1,小学校管理,節,1,報酬,127513
10,教育費,2,小学校費,1,小学校管理,説明,001,"給与費                             188,",114
10,教育費,2,小学校費,1,小学校管理,節,3,職員手当等,29600
10,教育費,2,小学校費,1,小学校管理,説明,002,"小学校運営管理費                                      344,",522
10,教育費,2,小学校費,1,小学校管理,説明,001,小学校運営管理事業費,19912
10,教育費,2,小学校費,1,小学校管理,節,4,共済費,25
10,教育費,2,小学校費,1,小学校管理,説明,002,小学校管理備品整備事業費,29379
10,教育費,2,小学校費,1,小学校管理,説明,003,小学校教材整備事業費,6598
10,教育費,2,小学校費,0,,説明,788,"336,946    573, 792    451,008            13,671",446064
10,教育費,2,小学校費,0,,説明,004,各小学校運営費,288633
10,教育費,2,小学校費,0,,説明,003,"小学校施設管理費                                      242,",374
10,教育費,2,小学校費,0,,説明,002,"小学校緊急補修事業費                          134,",144
10,教育費,2,小学校費,0,,節,11,役務費,29076
10,教育費,2,小学校費,0,,節,12,委託料         104.,395
10,教育費,2,小学校費,0,,節,13,"使用料及び賃      31,",620
10,教育費,2,小学校費,0,,節,14,工事請負費,58273
10,教育費,2,小学校費,0,,節,17,備品購入費,46339
10,教育費,2,小学校費,0,,節,18,負担金、補助,46
10,教育費,2,小学校費,0,,節,1,報酬,30994
10,教育費,2,小学校費,0,,説明,001,"給与費                              37,",961
10,教育費,2,小学校費,0,,説明,002,"パートタイム会計年度任用職員                        36,",161
10,教育費,2,小学校費,3,小学校建設,説明,002,"小学校教育振興費                                      861,",111
10,教育費,2,小学校費,3,小学校建設,説明,001,小学校教科書整備事業費,175
10,教育費,2,小学校費,3,小学校建設,説明,002,小学校TC丁数育推進事業費,790087
10,教育費,2,小学校費,3,小学校建設,説明,003,"小学校特別支援学級振興費                                10,",952
10,教育費,2,小学校費,3,小学校建設,説明,001,小学校特別支援学級就学奨励事業費,10952
10,教育費,2,小学校費,3,小学校建設,説明,001,小学校学校運営協議会運営事業費,714
10,教育費,2,小学校費,17,備唱購入費,節,19,扶助費,80584
10,教育費,2,小学校費,17,備唱購入費,節,10,"需用費              371,",420
10,教育費,2,小学校費,17,備唱購入費,説明,001,小学校施設整備費,929314
10,教育費,2,小学校費,17,備唱購入費,説明,001,小学校屋内運動場リニューアル事業費,105700
10,教育費,2,小学校費,17,備唱購入費,説明,002,小学校長寿命化改修事業費,811404
10,教育費,3,中学校費,0,,節,10,"需用費         188,",439
10,教育費,3,中学校費,0,,節,12,委託料          64.,87
10,教育費,3,中学校費,0,,節,13,使用料及び賃,21715
10,教育費,3,中学校費,0,,節,14,工事請負費,31520
10,教育費,3,中学校費,0,,節,17,"備品購入費        35,",532
10,教育費,3,中学校費,0,,説明,024,"221,904    345, 120    249, 404            7,491    310,",129
10,教育費,3,中学校費,0,,節,1,報酬,17844
10,教育費,3,中学校費,0,,節,8,旅費,926
10,教育費,3,中学校費,0,,節,10,需用費,37690
10,教育費,3,中学校費,0,,節,11,"役務費          5,",269
10,教育費,3,中学校費,0,,節,12,"委託料          35,",922
10,教育費,3,中学校費,0,,節,13,使用料及び人,36316
10,教育費,4,高等学校費,0,,節,10,需用費,144735
10,教育費,4,高等学校費,0,,説明,001,中学校施設整備費,643740
10,教育費,4,高等学校費,0,,説明,001,中学校恒内運動場リニューアル事業費,117700
10,教育費,4,高等学校費,0,,節,12,委託料,880
10,教育費,4,高等学校費,0,,説明,002,中学校長寿命化改修事業費,307347
10,教育費,4,高等学校費,0,,説明,003,岳陽中学校武道場建設事業費,216515
10,教育費,4,高等学校費,0,,節,1,報酬,47141
10,教育費,4,高等学校費,0,,説明,001,"給与費                                 704,",38
10,教育費,4,高等学校費,0,,説明,001,高等学校学校運営協議会委員 8人,102
10,教育費,4,高等学校費,0,,説明,002,"一般職 71人                              641,",834
10,教育費,4,高等学校費,0,,節,3,職員手当等,206663
10,教育費,4,高等学校費,0,,節,4,"共済費             113,",886
10,教育費,4,高等学校費,0,,節,7,報償党,380
10,教育費,5,幼稚園費,0,,説明,133,"380, 392   55, 259    も8S16           13,681",306636
10,教育費,5,幼稚園費,0,,節,12,委託料,26255
10,教育費,5,幼稚園費,0,,節,13,"使用料及び任      32,",900
10,教育費,5,幼稚園費,0,,節,14,"工事請負費       194,",700
10,教育費,5,幼稚園費,0,,節,15,原材料費,105
10,教育費,5,幼稚園費,0,,節,18,"負担金、補助       5,",629
10,教育費,5,幼稚園費,0,,節,1,報酬,37511
10,教育費,5,幼稚園費,0,,説明,001,"給与費                             292,",417
10,教育費,5,幼稚園費,0,,節,2,"給料           129,",961
10,教育費,5,幼稚園費,0,,説明,002,"一般職 32人                    239,",77
10,教育費,5,幼稚園費,0,,説明,002,"幼稚園運営管理費                                               25,",897
10,教育費,5,幼稚園費,0,,説明,002,幼稚園備品整備事業費,800
10,教育費,5,幼稚園費,0,,節,4,"共済費               47,",84
10,教育費,5,幼稚園費,0,,説明,003,各幼稚園運営費,21493
10,教育費,5,幼稚園費,0,,説明,004,教職員健康対策事業費,251
10,教育費,5,幼稚園費,0,,説明,001,交稚園施設管理事業費,4319
10,教育費,5,幼稚園費,2,幼稚園教育,節,12,"委託料          2,",120
10,教育費,5,幼稚園費,2,幼稚園教育,節,13,使用料及び貨,515
10,教育費,5,幼稚園費,2,幼稚園教育,節,15,原材料費,50
10,教育費,5,幼稚園費,2,幼稚園教育,節,18,負担金、補助,446
10,教育費,5,幼稚園費,2,幼稚園教育,節,21,補償、補圭及,500
10,教育費,5,幼稚園費,2,幼稚園教育,節,7,報償,120
10,教育費,5,幼稚園費,2,幼稚園教育,節,8,旅費,797
10,教育費,6,社会教育費,0,,説明,055,"156, 458      597                     も010    153,",45
10,教育費,6,社会教育費,0,,説明,002,"私立幼稚園教育振興費                               711,",430
10,教育費,6,社会教育費,0,,節,13,使用料及び任,366
10,教育費,6,社会教育費,0,,説明,003,私立効稚園運営支援事業費,462
10,教育費,6,社会教育費,0,,節,19,扶助費,711199
10,教育費,6,社会教育費,0,,説明,003,幼稚園教育振興助成費,160
10,教育費,6,社会教育費,0,,説明,001,その他教育振興助成費,160
10,教育費,6,社会教育費,0,,説明,001,"給与費                                 151,",109
10,教育費,6,社会教育費,0,,説明,001,社会教育委員 12人,270
10,教育費,6,社会教育費,0,,節,2,給料,74043
10,教育費,6,社会教育費,0,,説明,002,"一般職 19人                           148,",70
10,教育費,6,社会教育費,0,,説明,003,社会教育推進事業費,360
10,教育費,6,社会数育費,0,,節,4,"共済費          25,",94
10,教育費,6,社会数育費,0,,節,7,報償宮,403
10,教育費,6,社会数育費,0,,節,8,旅費,292
10,教育費,6,社会数育費,0,,節,10,需用費,815
10,教育費,6,社会数育費,0,,節,12,委託料,73
10,教育費,6,社会数育費,0,,節,13,使用料及び任,40
10,教育費,6,社会数育費,0,,節,18,負担金、補助,423
10,教育費,6,社会数育費,0,,説明,280,"45, 678     人へ398     1.471             3,457    40,",352
10,教育費,6,社会数育費,3,青少年数育,説明,957,"191                         2.130     18,",18
10,教育費,6,社会数育費,3,青少年数育,節,4,共済党           3,312
10,教育費,6,社会数育費,3,青少年数育,節,7,"報償費           5,",220
10,教育費,6,社会数育費,3,青少年数育,節,8,旅費,681
10,教育費,6,社会数育費,3,青少年数育,節,17,備品購入費,133
10,教育費,6,社会数育費,3,青少年数育,節,3,職員手当等,685
10,教育費,6,社会数育費,3,青少年数育,節,4,共済費,581
10,教育費,6,社会教育費,0,,説明,001,"青少年体験交流事業費                        6,",781
10,教育費,6,社会教育費,0,,節,10,需用費           3,68
10,教育費,6,社会教育費,0,,説明,005,青少年指導者養成事業費,44
10,教育費,6,社会教育費,0,,説明,001,青少年リーダー育成事業費,44
10,教育費,6,社会教育費,0,,説明,006,青少年活動助成費,930
10,教育費,6,社会教育費,0,,説明,001,青少年団体助成費,930
10,教育費,6,社会教育費,0,,説明,001,青年教養講座事業費                         2,464
10,教育費,6,社会教育費,0,,説明,001,青少年キャリア教育事業費,246
10,教育費,6,社会教育費,0,,節,18,負担金、補助,935
10,教育費,6,社会教育費,0,,説明,001,給与費,36123
10,教育費,6,社会教育費,0,,説明,001,青少年相談センター運営協議会委員 8人,104
10,教育費,6,社会教育費,0,,節,3,"職員手当等        5,",3
10,教育費,6,社会数育費,0,,説明,924,51.254     6.670,57924
10,教育費,6,社会数育費,0,,説明,002,青少年相談センター管理費,118
10,教育費,6,社会数育費,0,,説明,001,青少年相談センター運営管理事業費,118
10,教育費,6,社会数育費,0,,説明,003,青少年対策事業費,935
10,教育費,6,社会数育費,0,,説明,001,青少年相談事業費,935
10,教育費,6,社会数育費,0,,節,10,需用費,596
10,教育費,6,社会数育費,0,,説明,001,子ども・若者育成支援事業費,12807
10,教育費,6,社会数育費,0,,節,11,役務党,153
10,教育費,6,社会数育費,0,,節,13,使用料及び賃,1
10,教育費,6,社会数育費,0,,節,10,需用費,5666
10,教育費,6,社会数育費,0,,説明,001,"少年自然の家管理費                           57,",924
10,教育費,6,社会数育費,0,,説明,001,少年自然の,50036
10,教育費,6,社会数育費,6,文化振興費,説明,001,"給与費                                 105,",511
10,教育費,6,社会数育費,6,文化振興費,説明,001,教育文化   ツ奨励党選考委員会委員 6人,60
10,教育費,6,社会数育費,6,文化振興費,節,2,給料,50727
10,教育費,6,社会数育費,6,文化振興費,説明,002,文化推進審議会委員 8人,177
10,教育費,6,社会数育費,6,文化振興費,説明,003,一般職 11人,101890
10,教育費,6,社会数育費,6,文化振興費,説明,002,文化振興管理費,138
10,教育費,6,社会数育費,6,文化振興費,説明,004,市民文芸事業費,897
10,教育費,6,社会数育費,6,文化振興費,節,4,共済費,17756
10,教育費,6,社会数育費,6,文化振興費,説明,005,各種普及啓発事業費,345
10,教育費,6,社会数育費,6,文化振興費,節,8,旅費,176
10,教育費,6,社会数育費,6,文化振興費,説明,006,総合体育館文化創造事業費                         2,943
10,教育費,6,社会数育費,0,,説明,236,680.625      1.611                      8.000    674.,236
10,教育費,6,社会数育費,0,,説明,680,"111.533    へ75,853     2.874             20,198",12608
10,教育費,6,社会数育費,0,,説明,005,文化振興助成費                           2.,650
10,教育費,6,社会数育費,0,,説明,001,芸術文化推進二成加,850
10,教育費,6,社会数育費,0,,節,11,役務費,44
10,教育費,6,社会数育費,0,,説明,002,文化振興基金二成費,1800
10,教育費,6,社会数育費,0,,節,12,委託料,5
10,教育費,6,社会数育費,0,,節,8,旅費,2
10,教育費,6,社会数育費,0,,説明,001,"文化会館管理費                              539,",236
10,教育費,6,社会数育費,0,,節,12,"委託料         475,",661
10,教育費,6,社会数育費,0,,節,18,負担金、補助,143
10,教育費,6,社会数育費,0,,節,1,報酬,826
10,教育費,6,社会数育費,0,,説明,001,給与費,826
10,教育費,6,社会数育費,0,,説明,001,文化財保護審議会委員 10人,300
10,教育費,6,社会数育費,0,,節,8,旅費,785
10,教育費,6,社会数育費,0,,節,11,役務費,167
10,教育費,6,社会数育費,0,,節,12,"委託料             3,",194
10,教育費,6,社会数育費,0,,節,13,使用料及び賃,88
10,教育費,6,社会数育費,0,,節,15,原材料費,11
10,教育費,6,社会数育費,0,,節,17,備品購入費,73
10,教育費,6,社会数育費,0,,説明,129,"63,790     5,339     6,250             17,404     45,",475
10,教育費,6,社会数育費,0,,説明,001,給与費,31895
10,教育費,6,社会数育費,0,,説明,002,"緊急学術発掘調査党                                  31,",402
10,教育費,6,社会数育費,0,,説明,001,"緊急発掘調査事業費                         14,",737
10,教育費,6,社会数育費,0,,説明,002,"民間開発事業発掘調査事業費                     16,",665
10,教育費,6,社会数育費,0,,節,7,報償費,110
10,教育費,6,社会数育費,0,,説明,002,埋蔵文化財翌告書作成事業費,4132
10,教育費,6,社会数育費,0,,節,10,需用費           3,509
10,教育費,6,社会数育費,0,,節,11,役務費,150
10,教育費,6,社会数育費,10,博物館費,節,12,"委託料          28,",132
10,教育費,6,社会数育費,10,博物館費,節,17,備品購入費,713
10,教育費,6,社会数育費,10,博物館費,説明,001,給与費,56306
10,教育費,6,社会数育費,10,博物館費,説明,001,博物館協議会委員 7人,128
10,教育費,6,社会数育費,10,博物館費,節,2,給料,20391
10,教育費,6,社会数育費,10,博物館費,説明,002,"一般職 5人                              38,",753
10,教育費,6,社会数育費,10,博物館費,節,3,職員手当等,14384
10,教育費,6,社会数育費,10,博物館費,説明,003,"パートタイム会計年度任用職員                       17,",425
10,教育費,6,社会数育費,10,博物館費,説明,002,"博物館管理費                                          42,",766
10,教育費,6,社会数育費,10,博物館費,説明,001,博物館運営管理事業費,10473
10,教育費,6,社会数育費,10,博物館費,節,7,報償,121
10,教育費,6,社会数育費,10,博物館費,説明,001,資料調査研究事業費,212
10,教育費,6,社会数育費,0,,説明,928,"535, 369    83,559     1, 379    25,600     1. 969   589,",980
10,教育費,6,社会数育費,0,,説明,003,資料保存整備事業費,754
10,教育費,6,社会数育費,0,,説明,004,六所家総合調査事業費,1
10,教育費,6,社会数育費,0,,節,12,"委託料          25,",482
10,教育費,6,社会数育費,0,,節,15,原材料費,105
10,教育費,6,社会数育費,0,,節,17,備品購入費,283
10,教育費,6,社会数育費,0,,節,18,負担金、補助,128
10,教育費,6,社会数育費,0,,節,1,報酬,127426
10,教育費,6,社会数育費,0,,説明,001,"給与費                             374,",829
10,教育費,6,社会数育費,0,,説明,001,図書館協議会和員 7人,104
10,教育費,6,社会数育費,0,,節,2,"給料           106,",990
10,教育費,6,社会数育費,0,,説明,002,子ども読書活動推進協議会要員 8人,118
10,教育費,6,社会教育費,0,,節,13,"使用料及び貨      34,",894
10,教育費,6,社会教育費,0,,節,14,工事請負費       33,484
10,教育費,6,社会教育費,0,,節,17,"備品購入費        51,",513
10,教育費,6,社会教育費,0,,節,18,負担金、補助,171
10,教育費,6,社会教育費,0,,節,22,償還金、利子,42
10,教育費,7,体育保健費,0,,説明,573,"84, 645    26, 928                    12,704",98869
10,教育費,7,体育保健費,0,,説明,009,館外資料購入事業費,2793
10,教育費,7,体育保健費,0,,節,1,報酬,4260
10,教育費,7,体育保健費,0,,説明,001,"給与費                                 93,",268
10,教育費,7,体育保健費,0,,節,2,"給料           43,",874
10,教育費,7,体育保健費,0,,説明,002,スポーツ推進審議会委員 9人,228
10,教育費,7,体育保健費,0,,節,3,職員手当等,30201
10,教育費,7,体育保健費,0,,説明,003,"一般職 11人                           89,",8
10,教育費,7,体育保健費,0,,説明,002,指導者養成事業費,211
10,教育費,7,体育保健費,0,,節,8,旅費,594
10,教育費,7,体育保健費,2,体育施設費,説明,004,"体育振興助成喜                             10,",360
10,教育費,7,体育保健費,2,体育施設費,節,11,役務費,70
10,教育費,7,体育保健費,2,体育施設費,節,12,委託料          3,550
10,教育費,7,体育保健費,2,体育施設費,節,13,使用料及び任,806
10,教育費,7,体育保健費,2,体育施設費,説明,001,"体育施設管理費                              42,",780
10,教育費,7,体育保健費,2,体育施設費,説明,002,体育施設備品整備事業費,17411
10,教育費,7,体育保健費,2,体育施設費,節,11,役務費,31
10,教育費,7,体育保健費,0,,説明,149,"136, 076    A5, 927                       20,420     109,",729
10,教育費,7,体育保健費,0,,節,13,使用料及び任      12.,489
10,教育費,7,体育保健費,0,,節,17,"備品購入費        5,",335
10,教育費,7,体育保健費,0,,説明,002,"体育施設運営管理党                                 443,",942
10,教育費,7,体育保健費,0,,説明,001,"体育施設運営管理事業費                    443,",942
10,教育費,7,体育保健費,0,,説明,001,砂山公園プール改修事業費                       9.,672
10,教育費,7,体育保健費,0,,節,12,"委託料          3,",985
10,教育費,7,体育保健費,0,,説明,001,"総合体育館建設費                             276,",34
10,教育費,7,体育保健費,0,,説明,001,総合体育館建設事業費,276034
10,教育費,7,体育保健費,0,,節,16,公有財産購入,272049
10,教育費,7,体育保健費,0,,節,1,報酬,45699
10,教育費,7,体育保健費,0,,説明,001,"給与費                                 45,",699
10,教育費,7,体育保健費,0,,説明,001,学校医 142人,40618
10,教育費,7,体育保健費,0,,節,7,報償費,518
10,教育費,7,体育保健費,0,,節,8,旅費,3
10,教育費,7,体育保健費,5,学校給食費,説明,185,"2, 462, 362    168, 823    196, 324          1. 157, 438   1.277,",423
10,教育費,7,体育保健費,5,学校給食費,説明,003,学校結核対策委員会友員 3人,120
10,教育費,7,体育保健費,5,学校給食費,説明,002,"学校保健有                                        84,",450
10,教育費,7,体育保健費,5,学校給食費,説明,001,学校保健管理事業費,5950
10,教育費,7,体育保健費,5,学校給食費,説明,002,児童生徒健康対策事業費,25728
10,教育費,7,体育保健費,5,学校給食費,節,12,"委託料          35,",281
10,教育費,7,体育保健費,5,学校給食費,説明,001,"給与費                                             1 100,",945
10,教育費,7,体育保健費,5,学校給食費,説明,001,学校給食運営審議会友員 7人,104
10,教育費,7,体育保健費,5,学校給食費,節,2,"給料           335,",393
10,教育費,7,体育保健費,5,学校給食費,説明,002,一般職 85人,617676
10,教育費,7,体育保健費,5,学校給食費,説明,003,パートタイム会計年度任用職員,483165
10,教育費,7,体育保健費,0,,節,4,"共済費         169,",246
10,教育費,7,体育保健費,0,,節,7,報償費,160
10,教育費,7,体育保健費,0,,節,8,旅費           14.,38
10,教育費,7,体育保健費,0,,節,13,使用料及び任,4113
10,教育費,7,体育保健費,0,,節,18,負担金、補助,290
10,教育費,7,体育保健費,0,,節,26,公課費,64
10,教育費,7,体育保健費,0,,節,10,需用費,500
10,教育費,7,体育保健費,0,,節,12,委託料,500
10,教育費,7,体育保健費,0,,節,12,委託料,29300
10,教育費,7,体育保健費,0,,節,14,工事請負費,88000
10,教育費,7,体育保健費,0,,説明,002,"単独災害復旧事業費                           32,",300
10,教育費,7,体育保健費,0,,節,14,工事請負費,5000
11,災害復旧費,1,農林水産業施設災害復旧費,1,農業施設炎,説明,687,"36,300             22,",313
11,災害復旧費,2,土木施設災害復旧費,2,河川災害復     も000,説明,001,"元金                                   6. 838,",978
11,災害復旧費,2,土木施設災害復旧費,2,河川災害復     も000,説明,001,"利子                                      315,",981
11,災害復旧費,2,土木施設災害復旧費,2,河川災害復     も000,節,8,旅費,13
11,災害復旧費,2,土木施設災害復旧費,2,河川災害復     も000,説明,001,公債関係事務費,112
11,災害復旧費,2,土木施設災害復旧費,2,河川災害復     も000,節,10,需用費,1
11,災害復旧費,2,土木施設災害復旧費,2,河川災害復     も000,節,12,委託料,88
13,諸支出金,1,普通財産取得費,1,土地取得費,説明,001,土地取得費,100
14,予備費,1,予備旨,43,江短2 ほり,説明,340,"44,",340
14,予備費,1,予備旨,84,全開佐伯用症取符半,説明,205,"119, 602         377, 600",42003
